2026-02-02 11:08:18.007|INF|Web-<Main>$(#200)| 
2026-02-02 11:08:18.012|INF|Web-<Main>$(#201)| App Starting. (Version=0.2.2025.1020)
2026-02-02 11:08:18.532|INF|Microsoft.Hosting.Lifetime| Now listening on: http://localhost:5260
2026-02-02 11:08:18.666|INF|Microsoft.Hosting.Lifetime| Application started. Press Ctrl+C to shut down.
2026-02-02 11:08:18.667|INF|Microsoft.Hosting.Lifetime| Hosting environment: Development
2026-02-02 11:08:18.668|INF|Microsoft.Hosting.Lifetime| Content root path: C:\Users\j.uchida\Documents\Development\PCKK-KantoHeli\Web
2026-02-02 11:09:09.483|WRN|Src.WebAPI.LogJsAPI-LogJsError(#23)| JavaScriptError: Uncaught ReferenceError: $ is not defined  (/ file=http://localhost:5260/js/index.js?v=YM-FQqPSpIEaIgcdJHsZMp9dz8jEjWnDjmxaWNQlUhk line=1 col=316 ) (http://localhost:5260/)
2026-02-02 11:09:09.488|WRN|Src.WebAPI.LogJsAPI-LogJsError(#24)|     from:::1 ["Mozilla/5.0 (Windows NT 10.0; Win64; x64) AppleWebKit/537.36 (KHTML, like Gecko) Chrome/144.0.0.0 Safari/537.36"]
2026-02-02 11:09:15.704|WRN|Web-<Main>$(#174)| HTTPERROR: NotFound GET /.well-known/appspecific/com.chrome.devtools.json  from:::1 ["Mozilla/5.0 (Windows NT 10.0; Win64; x64) AppleWebKit/537.36 (KHTML, like Gecko) Chrome/144.0.0.0 Safari/537.36"]
2026-02-02 11:09:32.177|WRN|Web-<Main>$(#174)| HTTPERROR: NotFound GET /.well-known/appspecific/com.chrome.devtools.json  from:::1 ["Mozilla/5.0 (Windows NT 10.0; Win64; x64) AppleWebKit/537.36 (KHTML, like Gecko) Chrome/144.0.0.0 Safari/537.36"]
2026-02-02 11:09:32.352|WRN|Src.WebAPI.LogJsAPI-LogJsError(#23)| JavaScriptError: Uncaught TypeError: $ is not a function  (/ file=http://localhost:5260/js/index.js?v=_YgpnX-Ti7gAa6Xzdg8tS_eRGq0T_y2zDjN5ZH17Fhc line=1 col=316 ) (http://localhost:5260/)
2026-02-02 11:09:32.353|WRN|Src.WebAPI.LogJsAPI-LogJsError(#24)|     from:::1 ["Mozilla/5.0 (Windows NT 10.0; Win64; x64) AppleWebKit/537.36 (KHTML, like Gecko) Chrome/144.0.0.0 Safari/537.36"]
2026-02-02 11:11:07.300|WRN|Web-<Main>$(#174)| HTTPERROR: NotFound GET /.well-known/appspecific/com.chrome.devtools.json  from:::1 ["Mozilla/5.0 (Windows NT 10.0; Win64; x64) AppleWebKit/537.36 (KHTML, like Gecko) Chrome/144.0.0.0 Safari/537.36"]
2026-02-02 11:11:38.348|WRN|Web-<Main>$(#174)| HTTPERROR: NotFound GET /.well-known/appspecific/com.chrome.devtools.json  from:::1 ["Mozilla/5.0 (Windows NT 10.0; Win64; x64) AppleWebKit/537.36 (KHTML, like Gecko) Chrome/144.0.0.0 Safari/537.36"]
2026-02-02 11:12:14.242|WRN|Web-<Main>$(#174)| HTTPERROR: NotFound GET /.well-known/appspecific/com.chrome.devtools.json  from:::1 ["Mozilla/5.0 (Windows NT 10.0; Win64; x64) AppleWebKit/537.36 (KHTML, like Gecko) Chrome/144.0.0.0 Safari/537.36"]
2026-02-02 11:15:27.922|WRN|Web-<Main>$(#174)| HTTPERROR: NotFound GET /.well-known/appspecific/com.chrome.devtools.json  from:::1 ["Mozilla/5.0 (Windows NT 10.0; Win64; x64) AppleWebKit/537.36 (KHTML, like Gecko) Chrome/144.0.0.0 Safari/537.36"]
2026-02-02 11:15:28.024|WRN|Src.WebAPI.LogJsAPI-LogJsError(#23)| JavaScriptError: Uncaught ReferenceError: $ is not defined  (/ file=http://localhost:5260/js/index.js?v=8jNr0xfOtUWZPOkcPe1UA4HuFff3AyRFXJ7HBV3C6j8 line=1 col=316 ) (http://localhost:5260/)
2026-02-02 11:15:28.024|WRN|Src.WebAPI.LogJsAPI-LogJsError(#24)|     from:::1 ["Mozilla/5.0 (Windows NT 10.0; Win64; x64) AppleWebKit/537.36 (KHTML, like Gecko) Chrome/144.0.0.0 Safari/537.36"]
2026-02-02 11:16:14.912|WRN|Web-<Main>$(#174)| HTTPERROR: NotFound GET /.well-known/appspecific/com.chrome.devtools.json  from:::1 ["Mozilla/5.0 (Windows NT 10.0; Win64; x64) AppleWebKit/537.36 (KHTML, like Gecko) Chrome/144.0.0.0 Safari/537.36"]
2026-02-02 11:16:14.975|WRN|Src.WebAPI.LogJsAPI-LogJsError(#23)| JavaScriptError: Uncaught ReferenceError: $ is not defined  (/ file=http://localhost:5260/js/index.js?v=qylkBK8Chrq7GUS5D9bP4iAGKR5bEmE7r3dgEuF9ZoU line=1 col=316 ) (http://localhost:5260/)
2026-02-02 11:16:14.975|WRN|Src.WebAPI.LogJsAPI-LogJsError(#24)|     from:::1 ["Mozilla/5.0 (Windows NT 10.0; Win64; x64) AppleWebKit/537.36 (KHTML, like Gecko) Chrome/144.0.0.0 Safari/537.36"]
2026-02-02 11:16:20.421|WRN|Web-<Main>$(#174)| HTTPERROR: NotFound GET /.well-known/appspecific/com.chrome.devtools.json  from:::1 ["Mozilla/5.0 (Windows NT 10.0; Win64; x64) AppleWebKit/537.36 (KHTML, like Gecko) Chrome/144.0.0.0 Safari/537.36"]
2026-02-02 11:16:20.517|WRN|Src.WebAPI.LogJsAPI-LogJsError(#23)| JavaScriptError: Uncaught TypeError: $ is not a function  (/ file=http://localhost:5260/js/index.js?v=4II4n8n64OOEvAY9ACpafzO0CuvnA7BH50fUJtrBMek line=1 col=316 ) (http://localhost:5260/)
2026-02-02 11:16:20.517|WRN|Src.WebAPI.LogJsAPI-LogJsError(#24)|     from:::1 ["Mozilla/5.0 (Windows NT 10.0; Win64; x64) AppleWebKit/537.36 (KHTML, like Gecko) Chrome/144.0.0.0 Safari/537.36"]
2026-02-02 11:16:58.242|WRN|Web-<Main>$(#174)| HTTPERROR: NotFound GET /.well-known/appspecific/com.chrome.devtools.json  from:::1 ["Mozilla/5.0 (Windows NT 10.0; Win64; x64) AppleWebKit/537.36 (KHTML, like Gecko) Chrome/144.0.0.0 Safari/537.36"]
2026-02-02 11:16:58.308|WRN|Src.WebAPI.LogJsAPI-LogJsError(#23)| JavaScriptError: Uncaught ReferenceError: $ is not defined  (/ file=http://localhost:5260/js/index.js?v=INVxq82VUX977xO5Dim8CQqXKSeqsMwp3qnCgp6I91c line=1 col=316 ) (http://localhost:5260/)
2026-02-02 11:16:58.308|WRN|Src.WebAPI.LogJsAPI-LogJsError(#24)|     from:::1 ["Mozilla/5.0 (Windows NT 10.0; Win64; x64) AppleWebKit/537.36 (KHTML, like Gecko) Chrome/144.0.0.0 Safari/537.36"]
2026-02-02 11:17:10.590|WRN|Web-<Main>$(#174)| HTTPERROR: NotFound GET /.well-known/appspecific/com.chrome.devtools.json  from:::1 ["Mozilla/5.0 (Windows NT 10.0; Win64; x64) AppleWebKit/537.36 (KHTML, like Gecko) Chrome/144.0.0.0 Safari/537.36"]
2026-02-02 11:17:10.740|WRN|Src.WebAPI.LogJsAPI-LogJsError(#23)| JavaScriptError: Uncaught TypeError: $ is not a function  (/ file=http://localhost:5260/js/index.js?v=Y-5kaakgTpBgkbr0X5wbdCdC-0fvO8asMAnyfpm5Pyw line=1 col=316 ) (http://localhost:5260/)
2026-02-02 11:17:10.741|WRN|Src.WebAPI.LogJsAPI-LogJsError(#24)|     from:::1 ["Mozilla/5.0 (Windows NT 10.0; Win64; x64) AppleWebKit/537.36 (KHTML, like Gecko) Chrome/144.0.0.0 Safari/537.36"]
2026-02-02 11:17:32.946|WRN|Web-<Main>$(#174)| HTTPERROR: NotFound GET /.well-known/appspecific/com.chrome.devtools.json  from:::1 ["Mozilla/5.0 (Windows NT 10.0; Win64; x64) AppleWebKit/537.36 (KHTML, like Gecko) Chrome/144.0.0.0 Safari/537.36"]
2026-02-02 11:17:40.417|WRN|Web-<Main>$(#174)| HTTPERROR: NotFound GET /.well-known/appspecific/com.chrome.devtools.json  from:::1 ["Mozilla/5.0 (Windows NT 10.0; Win64; x64) AppleWebKit/537.36 (KHTML, like Gecko) Chrome/144.0.0.0 Safari/537.36"]
2026-02-02 11:18:12.794|WRN|Web-<Main>$(#174)| HTTPERROR: NotFound GET /.well-known/appspecific/com.chrome.devtools.json  from:::1 ["Mozilla/5.0 (Windows NT 10.0; Win64; x64) AppleWebKit/537.36 (KHTML, like Gecko) Chrome/144.0.0.0 Safari/537.36"]
2026-02-02 11:18:13.455|WRN|Web-<Main>$(#174)| HTTPERROR: NotFound GET /.well-known/appspecific/com.chrome.devtools.json  from:::1 ["Mozilla/5.0 (Windows NT 10.0; Win64; x64) AppleWebKit/537.36 (KHTML, like Gecko) Chrome/144.0.0.0 Safari/537.36"]
2026-02-02 11:20:12.185|WRN|Web-<Main>$(#174)| HTTPERROR: NotFound GET /.well-known/appspecific/com.chrome.devtools.json  from:::1 ["Mozilla/5.0 (Windows NT 10.0; Win64; x64) AppleWebKit/537.36 (KHTML, like Gecko) Chrome/144.0.0.0 Safari/537.36"]
2026-02-02 11:20:26.729|WRN|Web-<Main>$(#174)| HTTPERROR: NotFound GET /.well-known/appspecific/com.chrome.devtools.json  from:::1 ["Mozilla/5.0 (Windows NT 10.0; Win64; x64) AppleWebKit/537.36 (KHTML, like Gecko) Chrome/144.0.0.0 Safari/537.36"]
2026-02-02 11:21:54.855|WRN|Web-<Main>$(#174)| HTTPERROR: NotFound GET /.well-known/appspecific/com.chrome.devtools.json  from:::1 ["Mozilla/5.0 (Windows NT 10.0; Win64; x64) AppleWebKit/537.36 (KHTML, like Gecko) Chrome/144.0.0.0 Safari/537.36"]
2026-02-02 11:23:37.022|WRN|Web-<Main>$(#174)| HTTPERROR: NotFound GET /.well-known/appspecific/com.chrome.devtools.json  from:::1 ["Mozilla/5.0 (Windows NT 10.0; Win64; x64) AppleWebKit/537.36 (KHTML, like Gecko) Chrome/144.0.0.0 Safari/537.36"]
2026-02-02 11:26:49.957|WRN|Web-<Main>$(#174)| HTTPERROR: NotFound GET /.well-known/appspecific/com.chrome.devtools.json  from:::1 ["Mozilla/5.0 (Windows NT 10.0; Win64; x64) AppleWebKit/537.36 (KHTML, like Gecko) Chrome/144.0.0.0 Safari/537.36"]
2026-02-02 11:28:21.470|WRN|Web-<Main>$(#174)| HTTPERROR: NotFound GET /.well-known/appspecific/com.chrome.devtools.json  from:::1 ["Mozilla/5.0 (Windows NT 10.0; Win64; x64) AppleWebKit/537.36 (KHTML, like Gecko) Chrome/144.0.0.0 Safari/537.36"]
2026-02-02 11:30:17.855|ERR|Src.Services.DbLogService-LogError(#16)| DB処理エラー:Exception while reading from stream
2026-02-02 11:30:17.858|ERR|Src.Services.DbLogService-LogError(#19)| SQL= select "災害区分id", "災害区分名", "表示順", "備考", "created_at", "updated_at", "deleted_at" from t_災害区分 where "deleted_at" is null ORDER BY 表示順
2026-02-02 11:30:18.544|ERR|Microsoft.AspNetCore.Diagnostics.DeveloperExceptionPageMiddleware| An unhandled exception has occurred while executing the request.Npgsql.NpgsqlException (0x80004005): Exception while reading from stream
 ---> System.TimeoutException: Timeout during reading attempt
   at DapperAid.DbAccess.LoggableDbConnection.Command.ExecuteDbDataReaderAsync(CommandBehavior behavior, CancellationToken cancellationToken)
   at Dapper.SqlMapper.QueryAsync[T](IDbConnection cnn, Type effectiveType, CommandDefinition command) in /_/Dapper/SqlMapper.Async.cs:line 434
   at DapperAid.QueryRunner.SelectAsync[TFrom,TColumns](Expression`1 where, String otherClauses)
   at Pages.IndexModel.OnGetAsync()
   at Microsoft.AspNetCore.Mvc.RazorPages.Infrastructure.ExecutorFactory.NonGenericTaskHandlerMethod.Execute(Object receiver, Object[] arguments)
   at Microsoft.AspNetCore.Mvc.RazorPages.Infrastructure.PageActionInvoker.InvokeHandlerMethodAsync()
   at Microsoft.AspNetCore.Mvc.RazorPages.Infrastructure.PageActionInvoker.InvokeNextPageFilterAsync()
   at Microsoft.AspNetCore.Mvc.RazorPages.Infrastructure.PageActionInvoker.Rethrow(PageHandlerExecutedContext context)
   at Microsoft.AspNetCore.Mvc.RazorPages.Infrastructure.PageActionInvoker.Next(State& next, Scope& scope, Object& state, Boolean& isCompleted)
   at Microsoft.AspNetCore.Mvc.RazorPages.Infrastructure.PageActionInvoker.InvokeInnerFilterAsync()
   at Microsoft.AspNetCore.Mvc.Infrastructure.ResourceInvoker.<InvokeNextResourceFilter>g__Awaited|25_0(ResourceInvoker invoker, Task lastTask, State next, Scope scope, Object state, Boolean isCompleted)
   at Microsoft.AspNetCore.Mvc.Infrastructure.ResourceInvoker.Rethrow(ResourceExecutedContextSealed context)
   at Microsoft.AspNetCore.Mvc.Infrastructure.ResourceInvoker.Next(State& next, Scope& scope, Object& state, Boolean& isCompleted)
   at Microsoft.AspNetCore.Mvc.Infrastructure.ResourceInvoker.<InvokeFilterPipelineAsync>g__Awaited|20_0(ResourceInvoker invoker, Task lastTask, State next, Scope scope, Object state, Boolean isCompleted)
   at Microsoft.AspNetCore.Mvc.Infrastructure.ResourceInvoker.<InvokeAsync>g__Awaited|17_0(ResourceInvoker invoker, Task task, IDisposable scope)
   at Microsoft.AspNetCore.Mvc.Infrastructure.ResourceInvoker.<InvokeAsync>g__Awaited|17_0(ResourceInvoker invoker, Task task, IDisposable scope)
   at Microsoft.AspNetCore.Authorization.AuthorizationMiddleware.Invoke(HttpContext context)
   at Microsoft.AspNetCore.Authentication.AuthenticationMiddleware.Invoke(HttpContext context)
   at Src.Basis.BasicAuthMiddleware.Invoke(HttpContext context)
   at Microsoft.AspNetCore.Diagnostics.StatusCodePagesMiddleware.Invoke(HttpContext context)
   at Microsoft.AspNetCore.Diagnostics.DeveloperExceptionPageMiddlewareImpl.Invoke(HttpContext context)
2026-02-02 11:30:18.995|ERR|Src.Services.DbLogService-LogError(#16)| DB処理エラー:Exception while reading from stream
2026-02-02 11:30:18.995|ERR|Src.Services.DbLogService-LogError(#19)| SQL= select "災害区分id", "災害区分名", "表示順", "備考", "created_at", "updated_at", "deleted_at" from t_災害区分 where "deleted_at" is null ORDER BY 表示順
2026-02-02 11:30:19.174|ERR|Microsoft.AspNetCore.Diagnostics.DeveloperExceptionPageMiddleware| An unhandled exception has occurred while executing the request.Npgsql.NpgsqlException (0x80004005): Exception while reading from stream
 ---> System.TimeoutException: Timeout during reading attempt
   at DapperAid.DbAccess.LoggableDbConnection.Command.ExecuteDbDataReaderAsync(CommandBehavior behavior, CancellationToken cancellationToken)
   at Dapper.SqlMapper.QueryAsync[T](IDbConnection cnn, Type effectiveType, CommandDefinition command) in /_/Dapper/SqlMapper.Async.cs:line 434
   at DapperAid.QueryRunner.SelectAsync[TFrom,TColumns](Expression`1 where, String otherClauses)
   at Pages.IndexModel.OnGetAsync()
   at Microsoft.AspNetCore.Mvc.RazorPages.Infrastructure.ExecutorFactory.NonGenericTaskHandlerMethod.Execute(Object receiver, Object[] arguments)
   at Microsoft.AspNetCore.Mvc.RazorPages.Infrastructure.PageActionInvoker.InvokeHandlerMethodAsync()
   at Microsoft.AspNetCore.Mvc.RazorPages.Infrastructure.PageActionInvoker.InvokeNextPageFilterAsync()
   at Microsoft.AspNetCore.Mvc.RazorPages.Infrastructure.PageActionInvoker.Rethrow(PageHandlerExecutedContext context)
   at Microsoft.AspNetCore.Mvc.RazorPages.Infrastructure.PageActionInvoker.Next(State& next, Scope& scope, Object& state, Boolean& isCompleted)
   at Microsoft.AspNetCore.Mvc.RazorPages.Infrastructure.PageActionInvoker.InvokeInnerFilterAsync()
   at Microsoft.AspNetCore.Mvc.Infrastructure.ResourceInvoker.<InvokeNextResourceFilter>g__Awaited|25_0(ResourceInvoker invoker, Task lastTask, State next, Scope scope, Object state, Boolean isCompleted)
   at Microsoft.AspNetCore.Mvc.Infrastructure.ResourceInvoker.Rethrow(ResourceExecutedContextSealed context)
   at Microsoft.AspNetCore.Mvc.Infrastructure.ResourceInvoker.Next(State& next, Scope& scope, Object& state, Boolean& isCompleted)
   at Microsoft.AspNetCore.Mvc.Infrastructure.ResourceInvoker.<InvokeFilterPipelineAsync>g__Awaited|20_0(ResourceInvoker invoker, Task lastTask, State next, Scope scope, Object state, Boolean isCompleted)
   at Microsoft.AspNetCore.Mvc.Infrastructure.ResourceInvoker.<InvokeAsync>g__Awaited|17_0(ResourceInvoker invoker, Task task, IDisposable scope)
   at Microsoft.AspNetCore.Mvc.Infrastructure.ResourceInvoker.<InvokeAsync>g__Awaited|17_0(ResourceInvoker invoker, Task task, IDisposable scope)
   at Microsoft.AspNetCore.Authorization.AuthorizationMiddleware.Invoke(HttpContext context)
   at Microsoft.AspNetCore.Authentication.AuthenticationMiddleware.Invoke(HttpContext context)
   at Src.Basis.BasicAuthMiddleware.Invoke(HttpContext context)
   at Microsoft.AspNetCore.Diagnostics.StatusCodePagesMiddleware.Invoke(HttpContext context)
   at Microsoft.AspNetCore.Diagnostics.DeveloperExceptionPageMiddlewareImpl.Invoke(HttpContext context)
2026-02-02 11:30:19.481|WRN|Web-<Main>$(#174)| HTTPERROR: NotFound GET /.well-known/appspecific/com.chrome.devtools.json  from:::1 ["Mozilla/5.0 (Windows NT 10.0; Win64; x64) AppleWebKit/537.36 (KHTML, like Gecko) Chrome/144.0.0.0 Safari/537.36"]
2026-02-02 11:30:51.150|ERR|Src.Services.DbLogService-LogError(#16)| DB処理エラー:Failed to connect to 192.168.11.222:5432
2026-02-02 11:30:51.339|ERR|Microsoft.AspNetCore.Diagnostics.DeveloperExceptionPageMiddleware| An unhandled exception has occurred while executing the request.Npgsql.NpgsqlException (0x80004005): Failed to connect to 192.168.11.222:5432
 ---> System.TimeoutException: The operation has timed out.
   at Npgsql.TaskTimeoutAndCancellation.ExecuteAsync(Func`2 getTaskFunc, NpgsqlTimeout timeout, CancellationToken cancellationToken)
   at Npgsql.Internal.NpgsqlConnector.ConnectAsync(NpgsqlTimeout timeout, CancellationToken cancellationToken)
   at DapperAid.DbAccess.LoggableDbConnection.OpenAsync(CancellationToken cancellationToken)
   at Dapper.SqlMapper.QueryAsync[T](IDbConnection cnn, Type effectiveType, CommandDefinition command) in /_/Dapper/SqlMapper.Async.cs:line 433
   at DapperAid.QueryRunner.SelectAsync[TFrom,TColumns](Expression`1 where, String otherClauses)
   at Pages.IndexModel.OnGetAsync()
   at Microsoft.AspNetCore.Mvc.RazorPages.Infrastructure.ExecutorFactory.NonGenericTaskHandlerMethod.Execute(Object receiver, Object[] arguments)
   at Microsoft.AspNetCore.Mvc.RazorPages.Infrastructure.PageActionInvoker.InvokeHandlerMethodAsync()
   at Microsoft.AspNetCore.Mvc.RazorPages.Infrastructure.PageActionInvoker.InvokeNextPageFilterAsync()
   at Microsoft.AspNetCore.Mvc.RazorPages.Infrastructure.PageActionInvoker.Rethrow(PageHandlerExecutedContext context)
   at Microsoft.AspNetCore.Mvc.RazorPages.Infrastructure.PageActionInvoker.Next(State& next, Scope& scope, Object& state, Boolean& isCompleted)
   at Microsoft.AspNetCore.Mvc.RazorPages.Infrastructure.PageActionInvoker.InvokeInnerFilterAsync()
   at Microsoft.AspNetCore.Mvc.Infrastructure.ResourceInvoker.<InvokeNextResourceFilter>g__Awaited|25_0(ResourceInvoker invoker, Task lastTask, State next, Scope scope, Object state, Boolean isCompleted)
   at Microsoft.AspNetCore.Mvc.Infrastructure.ResourceInvoker.Rethrow(ResourceExecutedContextSealed context)
   at Microsoft.AspNetCore.Mvc.Infrastructure.ResourceInvoker.Next(State& next, Scope& scope, Object& state, Boolean& isCompleted)
   at Microsoft.AspNetCore.Mvc.Infrastructure.ResourceInvoker.<InvokeFilterPipelineAsync>g__Awaited|20_0(ResourceInvoker invoker, Task lastTask, State next, Scope scope, Object state, Boolean isCompleted)
   at Microsoft.AspNetCore.Mvc.Infrastructure.ResourceInvoker.<InvokeAsync>g__Awaited|17_0(ResourceInvoker invoker, Task task, IDisposable scope)
   at Microsoft.AspNetCore.Mvc.Infrastructure.ResourceInvoker.<InvokeAsync>g__Awaited|17_0(ResourceInvoker invoker, Task task, IDisposable scope)
   at Microsoft.AspNetCore.Authorization.AuthorizationMiddleware.Invoke(HttpContext context)
   at Microsoft.AspNetCore.Authentication.AuthenticationMiddleware.Invoke(HttpContext context)
   at Src.Basis.BasicAuthMiddleware.Invoke(HttpContext context)
   at Microsoft.AspNetCore.Diagnostics.StatusCodePagesMiddleware.Invoke(HttpContext context)
   at Microsoft.AspNetCore.Diagnostics.DeveloperExceptionPageMiddlewareImpl.Invoke(HttpContext context)
2026-02-02 11:31:04.844|ERR|Src.Services.DbLogService-LogError(#16)| DB処理エラー:Failed to connect to 192.168.11.222:5432
2026-02-02 11:31:04.975|ERR|Microsoft.AspNetCore.Diagnostics.DeveloperExceptionPageMiddleware| An unhandled exception has occurred while executing the request.Npgsql.NpgsqlException (0x80004005): Failed to connect to 192.168.11.222:5432
 ---> System.TimeoutException: The operation has timed out.
   at Npgsql.TaskTimeoutAndCancellation.ExecuteAsync(Func`2 getTaskFunc, NpgsqlTimeout timeout, CancellationToken cancellationToken)
   at Npgsql.Internal.NpgsqlConnector.ConnectAsync(NpgsqlTimeout timeout, CancellationToken cancellationToken)
   at DapperAid.DbAccess.LoggableDbConnection.OpenAsync(CancellationToken cancellationToken)
   at Dapper.SqlMapper.QueryAsync[T](IDbConnection cnn, Type effectiveType, CommandDefinition command) in /_/Dapper/SqlMapper.Async.cs:line 433
   at DapperAid.QueryRunner.SelectAsync[TFrom,TColumns](Expression`1 where, String otherClauses)
   at Pages.IndexModel.OnGetAsync()
   at Microsoft.AspNetCore.Mvc.RazorPages.Infrastructure.ExecutorFactory.NonGenericTaskHandlerMethod.Execute(Object receiver, Object[] arguments)
   at Microsoft.AspNetCore.Mvc.RazorPages.Infrastructure.PageActionInvoker.InvokeHandlerMethodAsync()
   at Microsoft.AspNetCore.Mvc.RazorPages.Infrastructure.PageActionInvoker.InvokeNextPageFilterAsync()
   at Microsoft.AspNetCore.Mvc.RazorPages.Infrastructure.PageActionInvoker.Rethrow(PageHandlerExecutedContext context)
   at Microsoft.AspNetCore.Mvc.RazorPages.Infrastructure.PageActionInvoker.Next(State& next, Scope& scope, Object& state, Boolean& isCompleted)
   at Microsoft.AspNetCore.Mvc.RazorPages.Infrastructure.PageActionInvoker.InvokeInnerFilterAsync()
   at Microsoft.AspNetCore.Mvc.Infrastructure.ResourceInvoker.<InvokeNextResourceFilter>g__Awaited|25_0(ResourceInvoker invoker, Task lastTask, State next, Scope scope, Object state, Boolean isCompleted)
   at Microsoft.AspNetCore.Mvc.Infrastructure.ResourceInvoker.Rethrow(ResourceExecutedContextSealed context)
   at Microsoft.AspNetCore.Mvc.Infrastructure.ResourceInvoker.Next(State& next, Scope& scope, Object& state, Boolean& isCompleted)
   at Microsoft.AspNetCore.Mvc.Infrastructure.ResourceInvoker.<InvokeFilterPipelineAsync>g__Awaited|20_0(ResourceInvoker invoker, Task lastTask, State next, Scope scope, Object state, Boolean isCompleted)
   at Microsoft.AspNetCore.Mvc.Infrastructure.ResourceInvoker.<InvokeAsync>g__Awaited|17_0(ResourceInvoker invoker, Task task, IDisposable scope)
   at Microsoft.AspNetCore.Mvc.Infrastructure.ResourceInvoker.<InvokeAsync>g__Awaited|17_0(ResourceInvoker invoker, Task task, IDisposable scope)
   at Microsoft.AspNetCore.Authorization.AuthorizationMiddleware.Invoke(HttpContext context)
   at Microsoft.AspNetCore.Authentication.AuthenticationMiddleware.Invoke(HttpContext context)
   at Src.Basis.BasicAuthMiddleware.Invoke(HttpContext context)
   at Microsoft.AspNetCore.Diagnostics.StatusCodePagesMiddleware.Invoke(HttpContext context)
   at Microsoft.AspNetCore.Diagnostics.DeveloperExceptionPageMiddlewareImpl.Invoke(HttpContext context)
2026-02-02 11:31:05.367|WRN|Web-<Main>$(#174)| HTTPERROR: NotFound GET /.well-known/appspecific/com.chrome.devtools.json  from:::1 ["Mozilla/5.0 (Windows NT 10.0; Win64; x64) AppleWebKit/537.36 (KHTML, like Gecko) Chrome/144.0.0.0 Safari/537.36"]
2026-02-02 11:31:59.747|ERR|Src.Services.DbLogService-LogError(#16)| DB処理エラー:Failed to connect to 192.168.11.222:5432
2026-02-02 11:31:59.933|ERR|Microsoft.AspNetCore.Diagnostics.DeveloperExceptionPageMiddleware| An unhandled exception has occurred while executing the request.Npgsql.NpgsqlException (0x80004005): Failed to connect to 192.168.11.222:5432
 ---> System.TimeoutException: The operation has timed out.
   at Npgsql.TaskTimeoutAndCancellation.ExecuteAsync(Func`2 getTaskFunc, NpgsqlTimeout timeout, CancellationToken cancellationToken)
   at Npgsql.Internal.NpgsqlConnector.ConnectAsync(NpgsqlTimeout timeout, CancellationToken cancellationToken)
   at DapperAid.DbAccess.LoggableDbConnection.OpenAsync(CancellationToken cancellationToken)
   at Dapper.SqlMapper.QueryAsync[T](IDbConnection cnn, Type effectiveType, CommandDefinition command) in /_/Dapper/SqlMapper.Async.cs:line 433
   at DapperAid.QueryRunner.SelectAsync[TFrom,TColumns](Expression`1 where, String otherClauses)
   at Pages.IndexModel.OnGetAsync()
   at Microsoft.AspNetCore.Mvc.RazorPages.Infrastructure.ExecutorFactory.NonGenericTaskHandlerMethod.Execute(Object receiver, Object[] arguments)
   at Microsoft.AspNetCore.Mvc.RazorPages.Infrastructure.PageActionInvoker.InvokeHandlerMethodAsync()
   at Microsoft.AspNetCore.Mvc.RazorPages.Infrastructure.PageActionInvoker.InvokeNextPageFilterAsync()
   at Microsoft.AspNetCore.Mvc.RazorPages.Infrastructure.PageActionInvoker.Rethrow(PageHandlerExecutedContext context)
   at Microsoft.AspNetCore.Mvc.RazorPages.Infrastructure.PageActionInvoker.Next(State& next, Scope& scope, Object& state, Boolean& isCompleted)
   at Microsoft.AspNetCore.Mvc.RazorPages.Infrastructure.PageActionInvoker.InvokeInnerFilterAsync()
   at Microsoft.AspNetCore.Mvc.Infrastructure.ResourceInvoker.<InvokeNextResourceFilter>g__Awaited|25_0(ResourceInvoker invoker, Task lastTask, State next, Scope scope, Object state, Boolean isCompleted)
   at Microsoft.AspNetCore.Mvc.Infrastructure.ResourceInvoker.Rethrow(ResourceExecutedContextSealed context)
   at Microsoft.AspNetCore.Mvc.Infrastructure.ResourceInvoker.Next(State& next, Scope& scope, Object& state, Boolean& isCompleted)
   at Microsoft.AspNetCore.Mvc.Infrastructure.ResourceInvoker.<InvokeFilterPipelineAsync>g__Awaited|20_0(ResourceInvoker invoker, Task lastTask, State next, Scope scope, Object state, Boolean isCompleted)
   at Microsoft.AspNetCore.Mvc.Infrastructure.ResourceInvoker.<InvokeAsync>g__Awaited|17_0(ResourceInvoker invoker, Task task, IDisposable scope)
   at Microsoft.AspNetCore.Mvc.Infrastructure.ResourceInvoker.<InvokeAsync>g__Awaited|17_0(ResourceInvoker invoker, Task task, IDisposable scope)
   at Microsoft.AspNetCore.Authorization.AuthorizationMiddleware.Invoke(HttpContext context)
   at Microsoft.AspNetCore.Authentication.AuthenticationMiddleware.Invoke(HttpContext context)
   at Src.Basis.BasicAuthMiddleware.Invoke(HttpContext context)
   at Microsoft.AspNetCore.Diagnostics.StatusCodePagesMiddleware.Invoke(HttpContext context)
   at Microsoft.AspNetCore.Diagnostics.DeveloperExceptionPageMiddlewareImpl.Invoke(HttpContext context)
2026-02-02 11:32:00.180|WRN|Web-<Main>$(#174)| HTTPERROR: NotFound GET /.well-known/appspecific/com.chrome.devtools.json  from:::1 ["Mozilla/5.0 (Windows NT 10.0; Win64; x64) AppleWebKit/537.36 (KHTML, like Gecko) Chrome/144.0.0.0 Safari/537.36"]
2026-02-02 11:32:32.365|INF|Web-<Main>$(#200)| 
2026-02-02 11:32:32.369|INF|Web-<Main>$(#201)| App Starting. (Version=0.2.2025.1020)
2026-02-02 11:32:32.621|INF|Microsoft.Hosting.Lifetime| Now listening on: http://localhost:5260
2026-02-02 11:32:32.699|INF|Microsoft.Hosting.Lifetime| Application started. Press Ctrl+C to shut down.
2026-02-02 11:32:32.700|INF|Microsoft.Hosting.Lifetime| Hosting environment: Development
2026-02-02 11:32:32.700|INF|Microsoft.Hosting.Lifetime| Content root path: C:\Users\j.uchida\Documents\Development\PCKK-KantoHeli\Web
2026-02-02 11:33:30.361|INF|Web-<Main>$(#200)| 
2026-02-02 11:33:30.367|INF|Web-<Main>$(#201)| App Starting. (Version=0.2.2025.1020)
2026-02-02 11:33:30.843|INF|Microsoft.Hosting.Lifetime| Now listening on: http://localhost:5260
2026-02-02 11:33:30.978|INF|Microsoft.Hosting.Lifetime| Application started. Press Ctrl+C to shut down.
2026-02-02 11:33:30.980|INF|Microsoft.Hosting.Lifetime| Hosting environment: Development
2026-02-02 11:33:30.980|INF|Microsoft.Hosting.Lifetime| Content root path: C:\Users\j.uchida\Documents\Development\PCKK-KantoHeli\Web
2026-02-02 11:33:47.450|ERR|Src.Services.DbLogService-LogError(#16)| DB処理エラー:Failed to connect to 192.168.11.222:5432
2026-02-02 11:33:47.825|ERR|Microsoft.AspNetCore.Diagnostics.DeveloperExceptionPageMiddleware| An unhandled exception has occurred while executing the request.Npgsql.NpgsqlException (0x80004005): Failed to connect to 192.168.11.222:5432
 ---> System.TimeoutException: The operation has timed out.
   at Npgsql.TaskTimeoutAndCancellation.ExecuteAsync(Func`2 getTaskFunc, NpgsqlTimeout timeout, CancellationToken cancellationToken)
   at Npgsql.Internal.NpgsqlConnector.ConnectAsync(NpgsqlTimeout timeout, CancellationToken cancellationToken)
   at DapperAid.DbAccess.LoggableDbConnection.OpenAsync(CancellationToken cancellationToken)
   at Dapper.SqlMapper.QueryAsync[T](IDbConnection cnn, Type effectiveType, CommandDefinition command) in /_/Dapper/SqlMapper.Async.cs:line 433
   at DapperAid.QueryRunner.SelectAsync[TFrom,TColumns](Expression`1 where, String otherClauses)
   at Pages.IndexModel.OnGetAsync() in C:\Users\j.uchida\Documents\Development\PCKK-KantoHeli\Web\Pages\Index.cshtml.cs:line 44
   at Microsoft.AspNetCore.Mvc.RazorPages.Infrastructure.ExecutorFactory.NonGenericTaskHandlerMethod.Execute(Object receiver, Object[] arguments)
   at Microsoft.AspNetCore.Mvc.RazorPages.Infrastructure.PageActionInvoker.InvokeHandlerMethodAsync()
   at Microsoft.AspNetCore.Mvc.RazorPages.Infrastructure.PageActionInvoker.InvokeNextPageFilterAsync()
   at Microsoft.AspNetCore.Mvc.RazorPages.Infrastructure.PageActionInvoker.Rethrow(PageHandlerExecutedContext context)
   at Microsoft.AspNetCore.Mvc.RazorPages.Infrastructure.PageActionInvoker.Next(State& next, Scope& scope, Object& state, Boolean& isCompleted)
   at Microsoft.AspNetCore.Mvc.RazorPages.Infrastructure.PageActionInvoker.InvokeInnerFilterAsync()
   at Microsoft.AspNetCore.Mvc.Infrastructure.ResourceInvoker.<InvokeNextResourceFilter>g__Awaited|25_0(ResourceInvoker invoker, Task lastTask, State next, Scope scope, Object state, Boolean isCompleted)
   at Microsoft.AspNetCore.Mvc.Infrastructure.ResourceInvoker.Rethrow(ResourceExecutedContextSealed context)
   at Microsoft.AspNetCore.Mvc.Infrastructure.ResourceInvoker.Next(State& next, Scope& scope, Object& state, Boolean& isCompleted)
   at Microsoft.AspNetCore.Mvc.Infrastructure.ResourceInvoker.<InvokeFilterPipelineAsync>g__Awaited|20_0(ResourceInvoker invoker, Task lastTask, State next, Scope scope, Object state, Boolean isCompleted)
   at Microsoft.AspNetCore.Mvc.Infrastructure.ResourceInvoker.<InvokeAsync>g__Awaited|17_0(ResourceInvoker invoker, Task task, IDisposable scope)
   at Microsoft.AspNetCore.Mvc.Infrastructure.ResourceInvoker.<InvokeAsync>g__Awaited|17_0(ResourceInvoker invoker, Task task, IDisposable scope)
   at Microsoft.AspNetCore.Authorization.AuthorizationMiddleware.Invoke(HttpContext context)
   at Microsoft.AspNetCore.Authentication.AuthenticationMiddleware.Invoke(HttpContext context)
   at Src.Basis.BasicAuthMiddleware.Invoke(HttpContext context) in C:\Users\j.uchida\Documents\Development\PCKK-KantoHeli\Web\Src\Basis\BasicAuthMiddleware.cs:line 26
   at Microsoft.AspNetCore.Diagnostics.StatusCodePagesMiddleware.Invoke(HttpContext context)
   at Microsoft.AspNetCore.Diagnostics.DeveloperExceptionPageMiddlewareImpl.Invoke(HttpContext context)
2026-02-02 11:36:35.720|ERR|Src.Services.DbLogService-LogError(#16)| DB処理エラー:Failed to connect to 192.168.11.222:5432
2026-02-02 11:36:35.902|ERR|Microsoft.AspNetCore.Diagnostics.DeveloperExceptionPageMiddleware| An unhandled exception has occurred while executing the request.Npgsql.NpgsqlException (0x80004005): Failed to connect to 192.168.11.222:5432
 ---> System.TimeoutException: The operation has timed out.
   at Npgsql.TaskTimeoutAndCancellation.ExecuteAsync(Func`2 getTaskFunc, NpgsqlTimeout timeout, CancellationToken cancellationToken)
   at Npgsql.Internal.NpgsqlConnector.ConnectAsync(NpgsqlTimeout timeout, CancellationToken cancellationToken)
   at DapperAid.DbAccess.LoggableDbConnection.OpenAsync(CancellationToken cancellationToken)
   at Dapper.SqlMapper.QueryAsync[T](IDbConnection cnn, Type effectiveType, CommandDefinition command) in /_/Dapper/SqlMapper.Async.cs:line 433
   at DapperAid.QueryRunner.SelectAsync[TFrom,TColumns](Expression`1 where, String otherClauses)
   at Pages.IndexModel.OnGetAsync() in C:\Users\j.uchida\Documents\Development\PCKK-KantoHeli\Web\Pages\Index.cshtml.cs:line 44
   at Microsoft.AspNetCore.Mvc.RazorPages.Infrastructure.ExecutorFactory.NonGenericTaskHandlerMethod.Execute(Object receiver, Object[] arguments)
   at Microsoft.AspNetCore.Mvc.RazorPages.Infrastructure.PageActionInvoker.InvokeHandlerMethodAsync()
   at Microsoft.AspNetCore.Mvc.RazorPages.Infrastructure.PageActionInvoker.InvokeNextPageFilterAsync()
   at Microsoft.AspNetCore.Mvc.RazorPages.Infrastructure.PageActionInvoker.Rethrow(PageHandlerExecutedContext context)
   at Microsoft.AspNetCore.Mvc.RazorPages.Infrastructure.PageActionInvoker.Next(State& next, Scope& scope, Object& state, Boolean& isCompleted)
   at Microsoft.AspNetCore.Mvc.RazorPages.Infrastructure.PageActionInvoker.InvokeInnerFilterAsync()
   at Microsoft.AspNetCore.Mvc.Infrastructure.ResourceInvoker.<InvokeNextResourceFilter>g__Awaited|25_0(ResourceInvoker invoker, Task lastTask, State next, Scope scope, Object state, Boolean isCompleted)
   at Microsoft.AspNetCore.Mvc.Infrastructure.ResourceInvoker.Rethrow(ResourceExecutedContextSealed context)
   at Microsoft.AspNetCore.Mvc.Infrastructure.ResourceInvoker.Next(State& next, Scope& scope, Object& state, Boolean& isCompleted)
   at Microsoft.AspNetCore.Mvc.Infrastructure.ResourceInvoker.<InvokeFilterPipelineAsync>g__Awaited|20_0(ResourceInvoker invoker, Task lastTask, State next, Scope scope, Object state, Boolean isCompleted)
   at Microsoft.AspNetCore.Mvc.Infrastructure.ResourceInvoker.<InvokeAsync>g__Awaited|17_0(ResourceInvoker invoker, Task task, IDisposable scope)
   at Microsoft.AspNetCore.Mvc.Infrastructure.ResourceInvoker.<InvokeAsync>g__Awaited|17_0(ResourceInvoker invoker, Task task, IDisposable scope)
   at Microsoft.AspNetCore.Authorization.AuthorizationMiddleware.Invoke(HttpContext context)
   at Microsoft.AspNetCore.Authentication.AuthenticationMiddleware.Invoke(HttpContext context)
   at Src.Basis.BasicAuthMiddleware.Invoke(HttpContext context) in C:\Users\j.uchida\Documents\Development\PCKK-KantoHeli\Web\Src\Basis\BasicAuthMiddleware.cs:line 26
   at Microsoft.AspNetCore.Diagnostics.StatusCodePagesMiddleware.Invoke(HttpContext context)
   at Microsoft.AspNetCore.Diagnostics.DeveloperExceptionPageMiddlewareImpl.Invoke(HttpContext context)
2026-02-02 11:36:36.997|ERR|Src.Services.DbLogService-LogError(#16)| DB処理エラー:Failed to connect to 192.168.11.222:5432
2026-02-02 11:36:37.117|ERR|Microsoft.AspNetCore.Diagnostics.DeveloperExceptionPageMiddleware| An unhandled exception has occurred while executing the request.Npgsql.NpgsqlException (0x80004005): Failed to connect to 192.168.11.222:5432
 ---> System.TimeoutException: The operation has timed out.
   at Npgsql.TaskTimeoutAndCancellation.ExecuteAsync(Func`2 getTaskFunc, NpgsqlTimeout timeout, CancellationToken cancellationToken)
   at Npgsql.Internal.NpgsqlConnector.ConnectAsync(NpgsqlTimeout timeout, CancellationToken cancellationToken)
   at DapperAid.DbAccess.LoggableDbConnection.OpenAsync(CancellationToken cancellationToken)
   at Dapper.SqlMapper.QueryAsync[T](IDbConnection cnn, Type effectiveType, CommandDefinition command) in /_/Dapper/SqlMapper.Async.cs:line 433
   at DapperAid.QueryRunner.SelectAsync[TFrom,TColumns](Expression`1 where, String otherClauses)
   at Pages.IndexModel.OnGetAsync() in C:\Users\j.uchida\Documents\Development\PCKK-KantoHeli\Web\Pages\Index.cshtml.cs:line 44
   at Microsoft.AspNetCore.Mvc.RazorPages.Infrastructure.ExecutorFactory.NonGenericTaskHandlerMethod.Execute(Object receiver, Object[] arguments)
   at Microsoft.AspNetCore.Mvc.RazorPages.Infrastructure.PageActionInvoker.InvokeHandlerMethodAsync()
   at Microsoft.AspNetCore.Mvc.RazorPages.Infrastructure.PageActionInvoker.InvokeNextPageFilterAsync()
   at Microsoft.AspNetCore.Mvc.RazorPages.Infrastructure.PageActionInvoker.Rethrow(PageHandlerExecutedContext context)
   at Microsoft.AspNetCore.Mvc.RazorPages.Infrastructure.PageActionInvoker.Next(State& next, Scope& scope, Object& state, Boolean& isCompleted)
   at Microsoft.AspNetCore.Mvc.RazorPages.Infrastructure.PageActionInvoker.InvokeInnerFilterAsync()
   at Microsoft.AspNetCore.Mvc.Infrastructure.ResourceInvoker.<InvokeNextResourceFilter>g__Awaited|25_0(ResourceInvoker invoker, Task lastTask, State next, Scope scope, Object state, Boolean isCompleted)
   at Microsoft.AspNetCore.Mvc.Infrastructure.ResourceInvoker.Rethrow(ResourceExecutedContextSealed context)
   at Microsoft.AspNetCore.Mvc.Infrastructure.ResourceInvoker.Next(State& next, Scope& scope, Object& state, Boolean& isCompleted)
   at Microsoft.AspNetCore.Mvc.Infrastructure.ResourceInvoker.<InvokeFilterPipelineAsync>g__Awaited|20_0(ResourceInvoker invoker, Task lastTask, State next, Scope scope, Object state, Boolean isCompleted)
   at Microsoft.AspNetCore.Mvc.Infrastructure.ResourceInvoker.<InvokeAsync>g__Awaited|17_0(ResourceInvoker invoker, Task task, IDisposable scope)
   at Microsoft.AspNetCore.Mvc.Infrastructure.ResourceInvoker.<InvokeAsync>g__Awaited|17_0(ResourceInvoker invoker, Task task, IDisposable scope)
   at Microsoft.AspNetCore.Authorization.AuthorizationMiddleware.Invoke(HttpContext context)
   at Microsoft.AspNetCore.Authentication.AuthenticationMiddleware.Invoke(HttpContext context)
   at Src.Basis.BasicAuthMiddleware.Invoke(HttpContext context) in C:\Users\j.uchida\Documents\Development\PCKK-KantoHeli\Web\Src\Basis\BasicAuthMiddleware.cs:line 26
   at Microsoft.AspNetCore.Diagnostics.StatusCodePagesMiddleware.Invoke(HttpContext context)
   at Microsoft.AspNetCore.Diagnostics.DeveloperExceptionPageMiddlewareImpl.Invoke(HttpContext context)
2026-02-02 11:36:37.540|ERR|Src.Services.DbLogService-LogError(#16)| DB処理エラー:Failed to connect to 192.168.11.222:5432
2026-02-02 11:36:37.658|ERR|Microsoft.AspNetCore.Diagnostics.DeveloperExceptionPageMiddleware| An unhandled exception has occurred while executing the request.Npgsql.NpgsqlException (0x80004005): Failed to connect to 192.168.11.222:5432
 ---> System.TimeoutException: The operation has timed out.
   at Npgsql.TaskTimeoutAndCancellation.ExecuteAsync(Func`2 getTaskFunc, NpgsqlTimeout timeout, CancellationToken cancellationToken)
   at Npgsql.Internal.NpgsqlConnector.ConnectAsync(NpgsqlTimeout timeout, CancellationToken cancellationToken)
   at DapperAid.DbAccess.LoggableDbConnection.OpenAsync(CancellationToken cancellationToken)
   at Dapper.SqlMapper.QueryAsync[T](IDbConnection cnn, Type effectiveType, CommandDefinition command) in /_/Dapper/SqlMapper.Async.cs:line 433
   at DapperAid.QueryRunner.SelectAsync[TFrom,TColumns](Expression`1 where, String otherClauses)
   at Pages.IndexModel.OnGetAsync() in C:\Users\j.uchida\Documents\Development\PCKK-KantoHeli\Web\Pages\Index.cshtml.cs:line 44
   at Microsoft.AspNetCore.Mvc.RazorPages.Infrastructure.ExecutorFactory.NonGenericTaskHandlerMethod.Execute(Object receiver, Object[] arguments)
   at Microsoft.AspNetCore.Mvc.RazorPages.Infrastructure.PageActionInvoker.InvokeHandlerMethodAsync()
   at Microsoft.AspNetCore.Mvc.RazorPages.Infrastructure.PageActionInvoker.InvokeNextPageFilterAsync()
   at Microsoft.AspNetCore.Mvc.RazorPages.Infrastructure.PageActionInvoker.Rethrow(PageHandlerExecutedContext context)
   at Microsoft.AspNetCore.Mvc.RazorPages.Infrastructure.PageActionInvoker.Next(State& next, Scope& scope, Object& state, Boolean& isCompleted)
   at Microsoft.AspNetCore.Mvc.RazorPages.Infrastructure.PageActionInvoker.InvokeInnerFilterAsync()
   at Microsoft.AspNetCore.Mvc.Infrastructure.ResourceInvoker.<InvokeNextResourceFilter>g__Awaited|25_0(ResourceInvoker invoker, Task lastTask, State next, Scope scope, Object state, Boolean isCompleted)
   at Microsoft.AspNetCore.Mvc.Infrastructure.ResourceInvoker.Rethrow(ResourceExecutedContextSealed context)
   at Microsoft.AspNetCore.Mvc.Infrastructure.ResourceInvoker.Next(State& next, Scope& scope, Object& state, Boolean& isCompleted)
   at Microsoft.AspNetCore.Mvc.Infrastructure.ResourceInvoker.<InvokeFilterPipelineAsync>g__Awaited|20_0(ResourceInvoker invoker, Task lastTask, State next, Scope scope, Object state, Boolean isCompleted)
   at Microsoft.AspNetCore.Mvc.Infrastructure.ResourceInvoker.<InvokeAsync>g__Awaited|17_0(ResourceInvoker invoker, Task task, IDisposable scope)
   at Microsoft.AspNetCore.Mvc.Infrastructure.ResourceInvoker.<InvokeAsync>g__Awaited|17_0(ResourceInvoker invoker, Task task, IDisposable scope)
   at Microsoft.AspNetCore.Authorization.AuthorizationMiddleware.Invoke(HttpContext context)
   at Microsoft.AspNetCore.Authentication.AuthenticationMiddleware.Invoke(HttpContext context)
   at Src.Basis.BasicAuthMiddleware.Invoke(HttpContext context) in C:\Users\j.uchida\Documents\Development\PCKK-KantoHeli\Web\Src\Basis\BasicAuthMiddleware.cs:line 26
   at Microsoft.AspNetCore.Diagnostics.StatusCodePagesMiddleware.Invoke(HttpContext context)
   at Microsoft.AspNetCore.Diagnostics.DeveloperExceptionPageMiddlewareImpl.Invoke(HttpContext context)
2026-02-02 11:37:41.206|WRN|Web-<Main>$(#174)| HTTPERROR: NotFound GET /.well-known/appspecific/com.chrome.devtools.json  from:::1 ["Mozilla/5.0 (Windows NT 10.0; Win64; x64) AppleWebKit/537.36 (KHTML, like Gecko) Chrome/144.0.0.0 Safari/537.36"]
2026-02-02 11:38:56.071|INF|Web-<Main>$(#200)| 
2026-02-02 11:38:56.075|INF|Web-<Main>$(#201)| App Starting. (Version=0.2.2025.1020)
2026-02-02 11:38:56.442|INF|Microsoft.Hosting.Lifetime| Now listening on: http://localhost:5260
2026-02-02 11:38:56.546|INF|Microsoft.Hosting.Lifetime| Application started. Press Ctrl+C to shut down.
2026-02-02 11:38:56.547|INF|Microsoft.Hosting.Lifetime| Hosting environment: Development
2026-02-02 11:38:56.547|INF|Microsoft.Hosting.Lifetime| Content root path: C:\Users\j.uchida\Documents\Development\PCKK-KantoHeli\Web
2026-02-02 11:42:53.282|WRN|Web-<Main>$(#174)| HTTPERROR: NotFound GET /.well-known/appspecific/com.chrome.devtools.json  from:::1 ["Mozilla/5.0 (Windows NT 10.0; Win64; x64) AppleWebKit/537.36 (KHTML, like Gecko) Chrome/144.0.0.0 Safari/537.36"]
2026-02-02 11:48:45.055|WRN|Web-<Main>$(#174)| HTTPERROR: NotFound GET /.well-known/appspecific/com.chrome.devtools.json  from:::1 ["Mozilla/5.0 (Windows NT 10.0; Win64; x64) AppleWebKit/537.36 (KHTML, like Gecko) Chrome/144.0.0.0 Safari/537.36"]
2026-02-02 11:49:34.893|ERR|Src.Services.DbLogService-LogError(#16)| DB処理エラー:Exception while reading from stream
2026-02-02 11:49:34.897|ERR|Src.Services.DbLogService-LogError(#19)| SQL= select "地震id", "受信ファイル名", "地震発生日時", "震央地名", "震源", "マグニチュード", "最大震度", "備考", "created_at", "updated_at", "deleted_at" from t_地震サマリ where "deleted_at" is null and "updated_at">@updated_at ORDER BY updated_at DESC
2026-02-02 11:49:34.986|ERR|Src.Services.DbLogService-LogError(#23)|  Param[0:updated_at] = 2026/02/01 11:49:00
2026-02-02 11:49:35.209|ERR|Microsoft.AspNetCore.Diagnostics.DeveloperExceptionPageMiddleware| An unhandled exception has occurred while executing the request.Npgsql.NpgsqlException (0x80004005): Exception while reading from stream
 ---> System.TimeoutException: Timeout during reading attempt
   at DapperAid.DbAccess.LoggableDbConnection.Command.ExecuteDbDataReaderAsync(CommandBehavior behavior, CancellationToken cancellationToken)
   at Dapper.SqlMapper.QueryAsync[T](IDbConnection cnn, Type effectiveType, CommandDefinition command) in /_/Dapper/SqlMapper.Async.cs:line 434
   at DapperAid.QueryRunner.SelectAsync[TFrom,TColumns](Expression`1 where, String otherClauses)
   at Pages.Main.IndexModel.OnGetRealTimeInfoStreamAsync()
   at Microsoft.AspNetCore.Mvc.RazorPages.Infrastructure.ExecutorFactory.GenericTaskHandlerMethod.Convert[T](Object taskAsObject)
   at Microsoft.AspNetCore.Mvc.RazorPages.Infrastructure.ExecutorFactory.GenericTaskHandlerMethod.Execute(Object receiver, Object[] arguments)
   at Microsoft.AspNetCore.Mvc.RazorPages.Infrastructure.PageActionInvoker.InvokeHandlerMethodAsync()
   at Microsoft.AspNetCore.Mvc.RazorPages.Infrastructure.PageActionInvoker.InvokeNextPageFilterAsync()
   at Microsoft.AspNetCore.Mvc.RazorPages.Infrastructure.PageActionInvoker.Rethrow(PageHandlerExecutedContext context)
   at Microsoft.AspNetCore.Mvc.RazorPages.Infrastructure.PageActionInvoker.Next(State& next, Scope& scope, Object& state, Boolean& isCompleted)
   at Microsoft.AspNetCore.Mvc.RazorPages.Infrastructure.PageActionInvoker.InvokeInnerFilterAsync()
   at Microsoft.AspNetCore.Mvc.Infrastructure.ResourceInvoker.<InvokeNextResourceFilter>g__Awaited|25_0(ResourceInvoker invoker, Task lastTask, State next, Scope scope, Object state, Boolean isCompleted)
   at Microsoft.AspNetCore.Mvc.Infrastructure.ResourceInvoker.Rethrow(ResourceExecutedContextSealed context)
   at Microsoft.AspNetCore.Mvc.Infrastructure.ResourceInvoker.Next(State& next, Scope& scope, Object& state, Boolean& isCompleted)
   at Microsoft.AspNetCore.Mvc.Infrastructure.ResourceInvoker.<InvokeFilterPipelineAsync>g__Awaited|20_0(ResourceInvoker invoker, Task lastTask, State next, Scope scope, Object state, Boolean isCompleted)
   at Microsoft.AspNetCore.Mvc.Infrastructure.ResourceInvoker.<InvokeAsync>g__Awaited|17_0(ResourceInvoker invoker, Task task, IDisposable scope)
   at Microsoft.AspNetCore.Mvc.Infrastructure.ResourceInvoker.<InvokeAsync>g__Awaited|17_0(ResourceInvoker invoker, Task task, IDisposable scope)
   at Microsoft.AspNetCore.Authorization.AuthorizationMiddleware.Invoke(HttpContext context)
   at Microsoft.AspNetCore.Authentication.AuthenticationMiddleware.Invoke(HttpContext context)
   at Src.Basis.BasicAuthMiddleware.Invoke(HttpContext context)
   at Microsoft.AspNetCore.Diagnostics.StatusCodePagesMiddleware.Invoke(HttpContext context)
   at Microsoft.AspNetCore.Diagnostics.DeveloperExceptionPageMiddlewareImpl.Invoke(HttpContext context)
   at Microsoft.AspNetCore.Diagnostics.DeveloperExceptionPageMiddlewareImpl.Invoke(HttpContext context)
   at Microsoft.WebTools.BrowserLink.Net.BrowserLinkMiddleware.InvokeAsync(HttpContext context)
   at Microsoft.AspNetCore.Watch.BrowserRefresh.BrowserRefreshMiddleware.InvokeAsync(HttpContext context)
   at Microsoft.AspNetCore.Server.Kestrel.Core.Internal.Http.HttpProtocol.ProcessRequests[TContext](IHttpApplication`1 application)
2026-02-02 11:49:35.218|WRN|Microsoft.AspNetCore.Diagnostics.DeveloperExceptionPageMiddleware| The response has already started, the error page middleware will not be executed.
2026-02-02 11:49:35.238|ERR|Microsoft.AspNetCore.Server.Kestrel| Connection id "0HNJ20GR6QD7K", Request id "0HNJ20GR6QD7K:0000000D": An unhandled exception was thrown by the application.Npgsql.NpgsqlException (0x80004005): Exception while reading from stream
 ---> System.TimeoutException: Timeout during reading attempt
   at DapperAid.DbAccess.LoggableDbConnection.Command.ExecuteDbDataReaderAsync(CommandBehavior behavior, CancellationToken cancellationToken)
   at Dapper.SqlMapper.QueryAsync[T](IDbConnection cnn, Type effectiveType, CommandDefinition command) in /_/Dapper/SqlMapper.Async.cs:line 434
   at DapperAid.QueryRunner.SelectAsync[TFrom,TColumns](Expression`1 where, String otherClauses)
   at Pages.Main.IndexModel.OnGetRealTimeInfoStreamAsync()
   at Microsoft.AspNetCore.Mvc.RazorPages.Infrastructure.ExecutorFactory.GenericTaskHandlerMethod.Convert[T](Object taskAsObject)
   at Microsoft.AspNetCore.Mvc.RazorPages.Infrastructure.ExecutorFactory.GenericTaskHandlerMethod.Execute(Object receiver, Object[] arguments)
   at Microsoft.AspNetCore.Mvc.RazorPages.Infrastructure.PageActionInvoker.InvokeHandlerMethodAsync()
   at Microsoft.AspNetCore.Mvc.RazorPages.Infrastructure.PageActionInvoker.InvokeNextPageFilterAsync()
   at Microsoft.AspNetCore.Mvc.RazorPages.Infrastructure.PageActionInvoker.Rethrow(PageHandlerExecutedContext context)
   at Microsoft.AspNetCore.Mvc.RazorPages.Infrastructure.PageActionInvoker.Next(State& next, Scope& scope, Object& state, Boolean& isCompleted)
   at Microsoft.AspNetCore.Mvc.RazorPages.Infrastructure.PageActionInvoker.InvokeInnerFilterAsync()
   at Microsoft.AspNetCore.Mvc.Infrastructure.ResourceInvoker.<InvokeNextResourceFilter>g__Awaited|25_0(ResourceInvoker invoker, Task lastTask, State next, Scope scope, Object state, Boolean isCompleted)
   at Microsoft.AspNetCore.Mvc.Infrastructure.ResourceInvoker.Rethrow(ResourceExecutedContextSealed context)
   at Microsoft.AspNetCore.Mvc.Infrastructure.ResourceInvoker.Next(State& next, Scope& scope, Object& state, Boolean& isCompleted)
   at Microsoft.AspNetCore.Mvc.Infrastructure.ResourceInvoker.<InvokeFilterPipelineAsync>g__Awaited|20_0(ResourceInvoker invoker, Task lastTask, State next, Scope scope, Object state, Boolean isCompleted)
   at Microsoft.AspNetCore.Mvc.Infrastructure.ResourceInvoker.<InvokeAsync>g__Awaited|17_0(ResourceInvoker invoker, Task task, IDisposable scope)
   at Microsoft.AspNetCore.Mvc.Infrastructure.ResourceInvoker.<InvokeAsync>g__Awaited|17_0(ResourceInvoker invoker, Task task, IDisposable scope)
   at Microsoft.AspNetCore.Authorization.AuthorizationMiddleware.Invoke(HttpContext context)
   at Microsoft.AspNetCore.Authentication.AuthenticationMiddleware.Invoke(HttpContext context)
   at Src.Basis.BasicAuthMiddleware.Invoke(HttpContext context)
   at Microsoft.AspNetCore.Diagnostics.StatusCodePagesMiddleware.Invoke(HttpContext context)
   at Microsoft.AspNetCore.Diagnostics.DeveloperExceptionPageMiddlewareImpl.Invoke(HttpContext context)
   at Microsoft.AspNetCore.Diagnostics.DeveloperExceptionPageMiddlewareImpl.Invoke(HttpContext context)
   at Microsoft.WebTools.BrowserLink.Net.BrowserLinkMiddleware.InvokeAsync(HttpContext context)
   at Microsoft.AspNetCore.Watch.BrowserRefresh.BrowserRefreshMiddleware.InvokeAsync(HttpContext context)
   at Microsoft.AspNetCore.Server.Kestrel.Core.Internal.Http.HttpProtocol.ProcessRequests[TContext](IHttpApplication`1 application)
2026-02-02 11:49:36.503|ERR|Src.Services.DbLogService-LogError(#16)| DB処理エラー:Exception while reading from stream
2026-02-02 11:49:36.503|ERR|Src.Services.DbLogService-LogError(#19)| SQL= select "地震id", "受信ファイル名", "地震発生日時", "震央地名", "震源", "マグニチュード", "最大震度", "備考", "created_at", "updated_at", "deleted_at" from t_地震サマリ where "deleted_at" is null and "updated_at">@updated_at ORDER BY updated_at DESC
2026-02-02 11:49:36.503|ERR|Src.Services.DbLogService-LogError(#23)|  Param[0:updated_at] = 2026/02/01 11:49:02
2026-02-02 11:49:36.606|ERR|Src.Services.DbLogService-LogError(#16)| DB処理エラー:Exception while reading from stream
2026-02-02 11:49:36.606|ERR|Microsoft.AspNetCore.Diagnostics.DeveloperExceptionPageMiddleware| An unhandled exception has occurred while executing the request.Npgsql.NpgsqlException (0x80004005): Exception while reading from stream
 ---> System.TimeoutException: Timeout during reading attempt
   at DapperAid.DbAccess.LoggableDbConnection.Command.ExecuteDbDataReaderAsync(CommandBehavior behavior, CancellationToken cancellationToken)
   at Dapper.SqlMapper.QueryAsync[T](IDbConnection cnn, Type effectiveType, CommandDefinition command) in /_/Dapper/SqlMapper.Async.cs:line 434
   at DapperAid.QueryRunner.SelectAsync[TFrom,TColumns](Expression`1 where, String otherClauses)
   at Pages.Main.IndexModel.OnGetRealTimeInfoStreamAsync()
   at Microsoft.AspNetCore.Mvc.RazorPages.Infrastructure.ExecutorFactory.GenericTaskHandlerMethod.Convert[T](Object taskAsObject)
   at Microsoft.AspNetCore.Mvc.RazorPages.Infrastructure.ExecutorFactory.GenericTaskHandlerMethod.Execute(Object receiver, Object[] arguments)
   at Microsoft.AspNetCore.Mvc.RazorPages.Infrastructure.PageActionInvoker.InvokeHandlerMethodAsync()
   at Microsoft.AspNetCore.Mvc.RazorPages.Infrastructure.PageActionInvoker.InvokeNextPageFilterAsync()
   at Microsoft.AspNetCore.Mvc.RazorPages.Infrastructure.PageActionInvoker.Rethrow(PageHandlerExecutedContext context)
   at Microsoft.AspNetCore.Mvc.RazorPages.Infrastructure.PageActionInvoker.Next(State& next, Scope& scope, Object& state, Boolean& isCompleted)
   at Microsoft.AspNetCore.Mvc.RazorPages.Infrastructure.PageActionInvoker.InvokeInnerFilterAsync()
   at Microsoft.AspNetCore.Mvc.Infrastructure.ResourceInvoker.<InvokeNextResourceFilter>g__Awaited|25_0(ResourceInvoker invoker, Task lastTask, State next, Scope scope, Object state, Boolean isCompleted)
   at Microsoft.AspNetCore.Mvc.Infrastructure.ResourceInvoker.Rethrow(ResourceExecutedContextSealed context)
   at Microsoft.AspNetCore.Mvc.Infrastructure.ResourceInvoker.Next(State& next, Scope& scope, Object& state, Boolean& isCompleted)
   at Microsoft.AspNetCore.Mvc.Infrastructure.ResourceInvoker.<InvokeFilterPipelineAsync>g__Awaited|20_0(ResourceInvoker invoker, Task lastTask, State next, Scope scope, Object state, Boolean isCompleted)
   at Microsoft.AspNetCore.Mvc.Infrastructure.ResourceInvoker.<InvokeAsync>g__Awaited|17_0(ResourceInvoker invoker, Task task, IDisposable scope)
   at Microsoft.AspNetCore.Mvc.Infrastructure.ResourceInvoker.<InvokeAsync>g__Awaited|17_0(ResourceInvoker invoker, Task task, IDisposable scope)
   at Microsoft.AspNetCore.Authorization.AuthorizationMiddleware.Invoke(HttpContext context)
   at Microsoft.AspNetCore.Authentication.AuthenticationMiddleware.Invoke(HttpContext context)
   at Src.Basis.BasicAuthMiddleware.Invoke(HttpContext context)
   at Microsoft.AspNetCore.Diagnostics.StatusCodePagesMiddleware.Invoke(HttpContext context)
   at Microsoft.AspNetCore.Diagnostics.DeveloperExceptionPageMiddlewareImpl.Invoke(HttpContext context)
   at Microsoft.AspNetCore.Diagnostics.DeveloperExceptionPageMiddlewareImpl.Invoke(HttpContext context)
   at Microsoft.WebTools.BrowserLink.Net.BrowserLinkMiddleware.InvokeAsync(HttpContext context)
   at Microsoft.AspNetCore.Watch.BrowserRefresh.BrowserRefreshMiddleware.InvokeAsync(HttpContext context)
   at Microsoft.AspNetCore.Server.Kestrel.Core.Internal.Http.HttpProtocol.ProcessRequests[TContext](IHttpApplication`1 application)
2026-02-02 11:49:36.606|ERR|Src.Services.DbLogService-LogError(#19)| SQL= select "地震id", "受信ファイル名", "地震発生日時", "震央地名", "震源", "マグニチュード", "最大震度", "備考", "created_at", "updated_at", "deleted_at" from t_地震サマリ where "deleted_at" is null and "updated_at">@updated_at ORDER BY updated_at DESC
2026-02-02 11:49:36.606|ERR|Src.Services.DbLogService-LogError(#23)|  Param[0:updated_at] = 2026/02/01 11:49:02
2026-02-02 11:49:36.606|WRN|Microsoft.AspNetCore.Diagnostics.DeveloperExceptionPageMiddleware| The response has already started, the error page middleware will not be executed.
2026-02-02 11:49:36.622|ERR|Microsoft.AspNetCore.Server.Kestrel| Connection id "0HNJ20GR6QD7G", Request id "0HNJ20GR6QD7G:00000002": An unhandled exception was thrown by the application.Npgsql.NpgsqlException (0x80004005): Exception while reading from stream
 ---> System.TimeoutException: Timeout during reading attempt
   at DapperAid.DbAccess.LoggableDbConnection.Command.ExecuteDbDataReaderAsync(CommandBehavior behavior, CancellationToken cancellationToken)
   at Dapper.SqlMapper.QueryAsync[T](IDbConnection cnn, Type effectiveType, CommandDefinition command) in /_/Dapper/SqlMapper.Async.cs:line 434
   at DapperAid.QueryRunner.SelectAsync[TFrom,TColumns](Expression`1 where, String otherClauses)
   at Pages.Main.IndexModel.OnGetRealTimeInfoStreamAsync()
   at Microsoft.AspNetCore.Mvc.RazorPages.Infrastructure.ExecutorFactory.GenericTaskHandlerMethod.Convert[T](Object taskAsObject)
   at Microsoft.AspNetCore.Mvc.RazorPages.Infrastructure.ExecutorFactory.GenericTaskHandlerMethod.Execute(Object receiver, Object[] arguments)
   at Microsoft.AspNetCore.Mvc.RazorPages.Infrastructure.PageActionInvoker.InvokeHandlerMethodAsync()
   at Microsoft.AspNetCore.Mvc.RazorPages.Infrastructure.PageActionInvoker.InvokeNextPageFilterAsync()
   at Microsoft.AspNetCore.Mvc.RazorPages.Infrastructure.PageActionInvoker.Rethrow(PageHandlerExecutedContext context)
   at Microsoft.AspNetCore.Mvc.RazorPages.Infrastructure.PageActionInvoker.Next(State& next, Scope& scope, Object& state, Boolean& isCompleted)
   at Microsoft.AspNetCore.Mvc.RazorPages.Infrastructure.PageActionInvoker.InvokeInnerFilterAsync()
   at Microsoft.AspNetCore.Mvc.Infrastructure.ResourceInvoker.<InvokeNextResourceFilter>g__Awaited|25_0(ResourceInvoker invoker, Task lastTask, State next, Scope scope, Object state, Boolean isCompleted)
   at Microsoft.AspNetCore.Mvc.Infrastructure.ResourceInvoker.Rethrow(ResourceExecutedContextSealed context)
   at Microsoft.AspNetCore.Mvc.Infrastructure.ResourceInvoker.Next(State& next, Scope& scope, Object& state, Boolean& isCompleted)
   at Microsoft.AspNetCore.Mvc.Infrastructure.ResourceInvoker.<InvokeFilterPipelineAsync>g__Awaited|20_0(ResourceInvoker invoker, Task lastTask, State next, Scope scope, Object state, Boolean isCompleted)
   at Microsoft.AspNetCore.Mvc.Infrastructure.ResourceInvoker.<InvokeAsync>g__Awaited|17_0(ResourceInvoker invoker, Task task, IDisposable scope)
   at Microsoft.AspNetCore.Mvc.Infrastructure.ResourceInvoker.<InvokeAsync>g__Awaited|17_0(ResourceInvoker invoker, Task task, IDisposable scope)
   at Microsoft.AspNetCore.Authorization.AuthorizationMiddleware.Invoke(HttpContext context)
   at Microsoft.AspNetCore.Authentication.AuthenticationMiddleware.Invoke(HttpContext context)
   at Src.Basis.BasicAuthMiddleware.Invoke(HttpContext context)
   at Microsoft.AspNetCore.Diagnostics.StatusCodePagesMiddleware.Invoke(HttpContext context)
   at Microsoft.AspNetCore.Diagnostics.DeveloperExceptionPageMiddlewareImpl.Invoke(HttpContext context)
   at Microsoft.AspNetCore.Diagnostics.DeveloperExceptionPageMiddlewareImpl.Invoke(HttpContext context)
   at Microsoft.WebTools.BrowserLink.Net.BrowserLinkMiddleware.InvokeAsync(HttpContext context)
   at Microsoft.AspNetCore.Watch.BrowserRefresh.BrowserRefreshMiddleware.InvokeAsync(HttpContext context)
   at Microsoft.AspNetCore.Server.Kestrel.Core.Internal.Http.HttpProtocol.ProcessRequests[TContext](IHttpApplication`1 application)
2026-02-02 11:49:36.736|ERR|Microsoft.AspNetCore.Diagnostics.DeveloperExceptionPageMiddleware| An unhandled exception has occurred while executing the request.Npgsql.NpgsqlException (0x80004005): Exception while reading from stream
 ---> System.TimeoutException: Timeout during reading attempt
   at DapperAid.DbAccess.LoggableDbConnection.Command.ExecuteDbDataReaderAsync(CommandBehavior behavior, CancellationToken cancellationToken)
   at Dapper.SqlMapper.QueryAsync[T](IDbConnection cnn, Type effectiveType, CommandDefinition command) in /_/Dapper/SqlMapper.Async.cs:line 434
   at DapperAid.QueryRunner.SelectAsync[TFrom,TColumns](Expression`1 where, String otherClauses)
   at Pages.Main.IndexModel.OnGetRealTimeInfoStreamAsync()
   at Microsoft.AspNetCore.Mvc.RazorPages.Infrastructure.ExecutorFactory.GenericTaskHandlerMethod.Convert[T](Object taskAsObject)
   at Microsoft.AspNetCore.Mvc.RazorPages.Infrastructure.ExecutorFactory.GenericTaskHandlerMethod.Execute(Object receiver, Object[] arguments)
   at Microsoft.AspNetCore.Mvc.RazorPages.Infrastructure.PageActionInvoker.InvokeHandlerMethodAsync()
   at Microsoft.AspNetCore.Mvc.RazorPages.Infrastructure.PageActionInvoker.InvokeNextPageFilterAsync()
   at Microsoft.AspNetCore.Mvc.RazorPages.Infrastructure.PageActionInvoker.Rethrow(PageHandlerExecutedContext context)
   at Microsoft.AspNetCore.Mvc.RazorPages.Infrastructure.PageActionInvoker.Next(State& next, Scope& scope, Object& state, Boolean& isCompleted)
   at Microsoft.AspNetCore.Mvc.RazorPages.Infrastructure.PageActionInvoker.InvokeInnerFilterAsync()
   at Microsoft.AspNetCore.Mvc.Infrastructure.ResourceInvoker.<InvokeNextResourceFilter>g__Awaited|25_0(ResourceInvoker invoker, Task lastTask, State next, Scope scope, Object state, Boolean isCompleted)
   at Microsoft.AspNetCore.Mvc.Infrastructure.ResourceInvoker.Rethrow(ResourceExecutedContextSealed context)
   at Microsoft.AspNetCore.Mvc.Infrastructure.ResourceInvoker.Next(State& next, Scope& scope, Object& state, Boolean& isCompleted)
   at Microsoft.AspNetCore.Mvc.Infrastructure.ResourceInvoker.<InvokeFilterPipelineAsync>g__Awaited|20_0(ResourceInvoker invoker, Task lastTask, State next, Scope scope, Object state, Boolean isCompleted)
   at Microsoft.AspNetCore.Mvc.Infrastructure.ResourceInvoker.<InvokeAsync>g__Awaited|17_0(ResourceInvoker invoker, Task task, IDisposable scope)
   at Microsoft.AspNetCore.Mvc.Infrastructure.ResourceInvoker.<InvokeAsync>g__Awaited|17_0(ResourceInvoker invoker, Task task, IDisposable scope)
   at Microsoft.AspNetCore.Authorization.AuthorizationMiddleware.Invoke(HttpContext context)
   at Microsoft.AspNetCore.Authentication.AuthenticationMiddleware.Invoke(HttpContext context)
   at Src.Basis.BasicAuthMiddleware.Invoke(HttpContext context)
   at Microsoft.AspNetCore.Diagnostics.StatusCodePagesMiddleware.Invoke(HttpContext context)
   at Microsoft.AspNetCore.Diagnostics.DeveloperExceptionPageMiddlewareImpl.Invoke(HttpContext context)
   at Microsoft.AspNetCore.Diagnostics.DeveloperExceptionPageMiddlewareImpl.Invoke(HttpContext context)
   at Microsoft.WebTools.BrowserLink.Net.BrowserLinkMiddleware.InvokeAsync(HttpContext context)
   at Microsoft.AspNetCore.Watch.BrowserRefresh.BrowserRefreshMiddleware.InvokeAsync(HttpContext context)
   at Microsoft.AspNetCore.Server.Kestrel.Core.Internal.Http.HttpProtocol.ProcessRequests[TContext](IHttpApplication`1 application)
2026-02-02 11:49:36.736|WRN|Microsoft.AspNetCore.Diagnostics.DeveloperExceptionPageMiddleware| The response has already started, the error page middleware will not be executed.
2026-02-02 11:49:36.739|ERR|Microsoft.AspNetCore.Server.Kestrel| Connection id "0HNJ20GR6QD7Q", Request id "0HNJ20GR6QD7Q:00000001": An unhandled exception was thrown by the application.Npgsql.NpgsqlException (0x80004005): Exception while reading from stream
 ---> System.TimeoutException: Timeout during reading attempt
   at DapperAid.DbAccess.LoggableDbConnection.Command.ExecuteDbDataReaderAsync(CommandBehavior behavior, CancellationToken cancellationToken)
   at Dapper.SqlMapper.QueryAsync[T](IDbConnection cnn, Type effectiveType, CommandDefinition command) in /_/Dapper/SqlMapper.Async.cs:line 434
   at DapperAid.QueryRunner.SelectAsync[TFrom,TColumns](Expression`1 where, String otherClauses)
   at Pages.Main.IndexModel.OnGetRealTimeInfoStreamAsync()
   at Microsoft.AspNetCore.Mvc.RazorPages.Infrastructure.ExecutorFactory.GenericTaskHandlerMethod.Convert[T](Object taskAsObject)
   at Microsoft.AspNetCore.Mvc.RazorPages.Infrastructure.ExecutorFactory.GenericTaskHandlerMethod.Execute(Object receiver, Object[] arguments)
   at Microsoft.AspNetCore.Mvc.RazorPages.Infrastructure.PageActionInvoker.InvokeHandlerMethodAsync()
   at Microsoft.AspNetCore.Mvc.RazorPages.Infrastructure.PageActionInvoker.InvokeNextPageFilterAsync()
   at Microsoft.AspNetCore.Mvc.RazorPages.Infrastructure.PageActionInvoker.Rethrow(PageHandlerExecutedContext context)
   at Microsoft.AspNetCore.Mvc.RazorPages.Infrastructure.PageActionInvoker.Next(State& next, Scope& scope, Object& state, Boolean& isCompleted)
   at Microsoft.AspNetCore.Mvc.RazorPages.Infrastructure.PageActionInvoker.InvokeInnerFilterAsync()
   at Microsoft.AspNetCore.Mvc.Infrastructure.ResourceInvoker.<InvokeNextResourceFilter>g__Awaited|25_0(ResourceInvoker invoker, Task lastTask, State next, Scope scope, Object state, Boolean isCompleted)
   at Microsoft.AspNetCore.Mvc.Infrastructure.ResourceInvoker.Rethrow(ResourceExecutedContextSealed context)
   at Microsoft.AspNetCore.Mvc.Infrastructure.ResourceInvoker.Next(State& next, Scope& scope, Object& state, Boolean& isCompleted)
   at Microsoft.AspNetCore.Mvc.Infrastructure.ResourceInvoker.<InvokeFilterPipelineAsync>g__Awaited|20_0(ResourceInvoker invoker, Task lastTask, State next, Scope scope, Object state, Boolean isCompleted)
   at Microsoft.AspNetCore.Mvc.Infrastructure.ResourceInvoker.<InvokeAsync>g__Awaited|17_0(ResourceInvoker invoker, Task task, IDisposable scope)
   at Microsoft.AspNetCore.Mvc.Infrastructure.ResourceInvoker.<InvokeAsync>g__Awaited|17_0(ResourceInvoker invoker, Task task, IDisposable scope)
   at Microsoft.AspNetCore.Authorization.AuthorizationMiddleware.Invoke(HttpContext context)
   at Microsoft.AspNetCore.Authentication.AuthenticationMiddleware.Invoke(HttpContext context)
   at Src.Basis.BasicAuthMiddleware.Invoke(HttpContext context)
   at Microsoft.AspNetCore.Diagnostics.StatusCodePagesMiddleware.Invoke(HttpContext context)
   at Microsoft.AspNetCore.Diagnostics.DeveloperExceptionPageMiddlewareImpl.Invoke(HttpContext context)
   at Microsoft.AspNetCore.Diagnostics.DeveloperExceptionPageMiddlewareImpl.Invoke(HttpContext context)
   at Microsoft.WebTools.BrowserLink.Net.BrowserLinkMiddleware.InvokeAsync(HttpContext context)
   at Microsoft.AspNetCore.Watch.BrowserRefresh.BrowserRefreshMiddleware.InvokeAsync(HttpContext context)
   at Microsoft.AspNetCore.Server.Kestrel.Core.Internal.Http.HttpProtocol.ProcessRequests[TContext](IHttpApplication`1 application)
2026-02-02 11:49:53.377|ERR|Src.Services.DbLogService-LogError(#16)| DB処理エラー:Failed to connect to 192.168.11.222:5432
2026-02-02 11:49:53.680|ERR|Microsoft.AspNetCore.Diagnostics.DeveloperExceptionPageMiddleware| An unhandled exception has occurred while executing the request.Npgsql.NpgsqlException (0x80004005): Failed to connect to 192.168.11.222:5432
 ---> System.TimeoutException: The operation has timed out.
   at Npgsql.TaskTimeoutAndCancellation.ExecuteAsync(Func`2 getTaskFunc, NpgsqlTimeout timeout, CancellationToken cancellationToken)
   at Npgsql.Internal.NpgsqlConnector.ConnectAsync(NpgsqlTimeout timeout, CancellationToken cancellationToken)
   at DapperAid.DbAccess.LoggableDbConnection.OpenAsync(CancellationToken cancellationToken)
   at Dapper.SqlMapper.QueryAsync[T](IDbConnection cnn, Type effectiveType, CommandDefinition command) in /_/Dapper/SqlMapper.Async.cs:line 433
   at DapperAid.QueryRunner.SelectAsync[TFrom,TColumns](Expression`1 where, String otherClauses)
   at Pages.Main.IndexModel.OnGetRealTimeInfoStreamAsync()
   at Microsoft.AspNetCore.Mvc.RazorPages.Infrastructure.ExecutorFactory.GenericTaskHandlerMethod.Convert[T](Object taskAsObject)
   at Microsoft.AspNetCore.Mvc.RazorPages.Infrastructure.ExecutorFactory.GenericTaskHandlerMethod.Execute(Object receiver, Object[] arguments)
   at Microsoft.AspNetCore.Mvc.RazorPages.Infrastructure.PageActionInvoker.InvokeHandlerMethodAsync()
   at Microsoft.AspNetCore.Mvc.RazorPages.Infrastructure.PageActionInvoker.InvokeNextPageFilterAsync()
   at Microsoft.AspNetCore.Mvc.RazorPages.Infrastructure.PageActionInvoker.Rethrow(PageHandlerExecutedContext context)
   at Microsoft.AspNetCore.Mvc.RazorPages.Infrastructure.PageActionInvoker.Next(State& next, Scope& scope, Object& state, Boolean& isCompleted)
   at Microsoft.AspNetCore.Mvc.RazorPages.Infrastructure.PageActionInvoker.InvokeInnerFilterAsync()
   at Microsoft.AspNetCore.Mvc.Infrastructure.ResourceInvoker.<InvokeNextResourceFilter>g__Awaited|25_0(ResourceInvoker invoker, Task lastTask, State next, Scope scope, Object state, Boolean isCompleted)
   at Microsoft.AspNetCore.Mvc.Infrastructure.ResourceInvoker.Rethrow(ResourceExecutedContextSealed context)
   at Microsoft.AspNetCore.Mvc.Infrastructure.ResourceInvoker.Next(State& next, Scope& scope, Object& state, Boolean& isCompleted)
   at Microsoft.AspNetCore.Mvc.Infrastructure.ResourceInvoker.<InvokeFilterPipelineAsync>g__Awaited|20_0(ResourceInvoker invoker, Task lastTask, State next, Scope scope, Object state, Boolean isCompleted)
   at Microsoft.AspNetCore.Mvc.Infrastructure.ResourceInvoker.<InvokeAsync>g__Awaited|17_0(ResourceInvoker invoker, Task task, IDisposable scope)
   at Microsoft.AspNetCore.Mvc.Infrastructure.ResourceInvoker.<InvokeAsync>g__Awaited|17_0(ResourceInvoker invoker, Task task, IDisposable scope)
   at Microsoft.AspNetCore.Authorization.AuthorizationMiddleware.Invoke(HttpContext context)
   at Microsoft.AspNetCore.Authentication.AuthenticationMiddleware.Invoke(HttpContext context)
   at Src.Basis.BasicAuthMiddleware.Invoke(HttpContext context)
   at Microsoft.AspNetCore.Diagnostics.StatusCodePagesMiddleware.Invoke(HttpContext context)
   at Microsoft.AspNetCore.Diagnostics.DeveloperExceptionPageMiddlewareImpl.Invoke(HttpContext context)
2026-02-02 11:49:54.667|ERR|Src.Services.DbLogService-LogError(#16)| DB処理エラー:Failed to connect to 192.168.11.222:5432
2026-02-02 11:49:54.809|ERR|Microsoft.AspNetCore.Diagnostics.DeveloperExceptionPageMiddleware| An unhandled exception has occurred while executing the request.Npgsql.NpgsqlException (0x80004005): Failed to connect to 192.168.11.222:5432
 ---> System.TimeoutException: The operation has timed out.
   at Npgsql.TaskTimeoutAndCancellation.ExecuteAsync(Func`2 getTaskFunc, NpgsqlTimeout timeout, CancellationToken cancellationToken)
   at Npgsql.Internal.NpgsqlConnector.ConnectAsync(NpgsqlTimeout timeout, CancellationToken cancellationToken)
   at DapperAid.DbAccess.LoggableDbConnection.OpenAsync(CancellationToken cancellationToken)
   at Dapper.SqlMapper.QueryAsync[T](IDbConnection cnn, Type effectiveType, CommandDefinition command) in /_/Dapper/SqlMapper.Async.cs:line 433
   at DapperAid.QueryRunner.SelectAsync[TFrom,TColumns](Expression`1 where, String otherClauses)
   at Pages.Main.IndexModel.OnGetRealTimeInfoStreamAsync()
   at Microsoft.AspNetCore.Mvc.RazorPages.Infrastructure.ExecutorFactory.GenericTaskHandlerMethod.Convert[T](Object taskAsObject)
   at Microsoft.AspNetCore.Mvc.RazorPages.Infrastructure.ExecutorFactory.GenericTaskHandlerMethod.Execute(Object receiver, Object[] arguments)
   at Microsoft.AspNetCore.Mvc.RazorPages.Infrastructure.PageActionInvoker.InvokeHandlerMethodAsync()
   at Microsoft.AspNetCore.Mvc.RazorPages.Infrastructure.PageActionInvoker.InvokeNextPageFilterAsync()
   at Microsoft.AspNetCore.Mvc.RazorPages.Infrastructure.PageActionInvoker.Rethrow(PageHandlerExecutedContext context)
   at Microsoft.AspNetCore.Mvc.RazorPages.Infrastructure.PageActionInvoker.Next(State& next, Scope& scope, Object& state, Boolean& isCompleted)
   at Microsoft.AspNetCore.Mvc.RazorPages.Infrastructure.PageActionInvoker.InvokeInnerFilterAsync()
   at Microsoft.AspNetCore.Mvc.Infrastructure.ResourceInvoker.<InvokeNextResourceFilter>g__Awaited|25_0(ResourceInvoker invoker, Task lastTask, State next, Scope scope, Object state, Boolean isCompleted)
   at Microsoft.AspNetCore.Mvc.Infrastructure.ResourceInvoker.Rethrow(ResourceExecutedContextSealed context)
   at Microsoft.AspNetCore.Mvc.Infrastructure.ResourceInvoker.Next(State& next, Scope& scope, Object& state, Boolean& isCompleted)
   at Microsoft.AspNetCore.Mvc.Infrastructure.ResourceInvoker.<InvokeFilterPipelineAsync>g__Awaited|20_0(ResourceInvoker invoker, Task lastTask, State next, Scope scope, Object state, Boolean isCompleted)
   at Microsoft.AspNetCore.Mvc.Infrastructure.ResourceInvoker.<InvokeAsync>g__Awaited|17_0(ResourceInvoker invoker, Task task, IDisposable scope)
   at Microsoft.AspNetCore.Mvc.Infrastructure.ResourceInvoker.<InvokeAsync>g__Awaited|17_0(ResourceInvoker invoker, Task task, IDisposable scope)
   at Microsoft.AspNetCore.Authorization.AuthorizationMiddleware.Invoke(HttpContext context)
   at Microsoft.AspNetCore.Authentication.AuthenticationMiddleware.Invoke(HttpContext context)
   at Src.Basis.BasicAuthMiddleware.Invoke(HttpContext context)
   at Microsoft.AspNetCore.Diagnostics.StatusCodePagesMiddleware.Invoke(HttpContext context)
   at Microsoft.AspNetCore.Diagnostics.DeveloperExceptionPageMiddlewareImpl.Invoke(HttpContext context)
2026-02-02 11:49:54.816|ERR|Src.Services.DbLogService-LogError(#16)| DB処理エラー:Failed to connect to 192.168.11.222:5432
2026-02-02 11:49:55.020|ERR|Microsoft.AspNetCore.Diagnostics.DeveloperExceptionPageMiddleware| An unhandled exception has occurred while executing the request.Npgsql.NpgsqlException (0x80004005): Failed to connect to 192.168.11.222:5432
 ---> System.TimeoutException: The operation has timed out.
   at Npgsql.TaskTimeoutAndCancellation.ExecuteAsync(Func`2 getTaskFunc, NpgsqlTimeout timeout, CancellationToken cancellationToken)
   at Npgsql.Internal.NpgsqlConnector.ConnectAsync(NpgsqlTimeout timeout, CancellationToken cancellationToken)
   at DapperAid.DbAccess.LoggableDbConnection.OpenAsync(CancellationToken cancellationToken)
   at Dapper.SqlMapper.QueryAsync[T](IDbConnection cnn, Type effectiveType, CommandDefinition command) in /_/Dapper/SqlMapper.Async.cs:line 433
   at DapperAid.QueryRunner.SelectAsync[TFrom,TColumns](Expression`1 where, String otherClauses)
   at Pages.Main.IndexModel.OnGetRealTimeInfoStreamAsync()
   at Microsoft.AspNetCore.Mvc.RazorPages.Infrastructure.ExecutorFactory.GenericTaskHandlerMethod.Convert[T](Object taskAsObject)
   at Microsoft.AspNetCore.Mvc.RazorPages.Infrastructure.ExecutorFactory.GenericTaskHandlerMethod.Execute(Object receiver, Object[] arguments)
   at Microsoft.AspNetCore.Mvc.RazorPages.Infrastructure.PageActionInvoker.InvokeHandlerMethodAsync()
   at Microsoft.AspNetCore.Mvc.RazorPages.Infrastructure.PageActionInvoker.InvokeNextPageFilterAsync()
   at Microsoft.AspNetCore.Mvc.RazorPages.Infrastructure.PageActionInvoker.Rethrow(PageHandlerExecutedContext context)
   at Microsoft.AspNetCore.Mvc.RazorPages.Infrastructure.PageActionInvoker.Next(State& next, Scope& scope, Object& state, Boolean& isCompleted)
   at Microsoft.AspNetCore.Mvc.RazorPages.Infrastructure.PageActionInvoker.InvokeInnerFilterAsync()
   at Microsoft.AspNetCore.Mvc.Infrastructure.ResourceInvoker.<InvokeNextResourceFilter>g__Awaited|25_0(ResourceInvoker invoker, Task lastTask, State next, Scope scope, Object state, Boolean isCompleted)
   at Microsoft.AspNetCore.Mvc.Infrastructure.ResourceInvoker.Rethrow(ResourceExecutedContextSealed context)
   at Microsoft.AspNetCore.Mvc.Infrastructure.ResourceInvoker.Next(State& next, Scope& scope, Object& state, Boolean& isCompleted)
   at Microsoft.AspNetCore.Mvc.Infrastructure.ResourceInvoker.<InvokeFilterPipelineAsync>g__Awaited|20_0(ResourceInvoker invoker, Task lastTask, State next, Scope scope, Object state, Boolean isCompleted)
   at Microsoft.AspNetCore.Mvc.Infrastructure.ResourceInvoker.<InvokeAsync>g__Awaited|17_0(ResourceInvoker invoker, Task task, IDisposable scope)
   at Microsoft.AspNetCore.Mvc.Infrastructure.ResourceInvoker.<InvokeAsync>g__Awaited|17_0(ResourceInvoker invoker, Task task, IDisposable scope)
   at Microsoft.AspNetCore.Authorization.AuthorizationMiddleware.Invoke(HttpContext context)
   at Microsoft.AspNetCore.Authentication.AuthenticationMiddleware.Invoke(HttpContext context)
   at Src.Basis.BasicAuthMiddleware.Invoke(HttpContext context)
   at Microsoft.AspNetCore.Diagnostics.StatusCodePagesMiddleware.Invoke(HttpContext context)
   at Microsoft.AspNetCore.Diagnostics.DeveloperExceptionPageMiddlewareImpl.Invoke(HttpContext context)
2026-02-02 11:49:55.408|ERR|Src.Services.DbLogService-LogError(#16)| DB処理エラー:Failed to connect to 192.168.11.222:5432
2026-02-02 11:49:55.629|ERR|Microsoft.AspNetCore.Diagnostics.DeveloperExceptionPageMiddleware| An unhandled exception has occurred while executing the request.Npgsql.NpgsqlException (0x80004005): Failed to connect to 192.168.11.222:5432
 ---> System.TimeoutException: The operation has timed out.
   at Npgsql.TaskTimeoutAndCancellation.ExecuteAsync(Func`2 getTaskFunc, NpgsqlTimeout timeout, CancellationToken cancellationToken)
   at Npgsql.Internal.NpgsqlConnector.ConnectAsync(NpgsqlTimeout timeout, CancellationToken cancellationToken)
   at DapperAid.DbAccess.LoggableDbConnection.OpenAsync(CancellationToken cancellationToken)
   at Dapper.SqlMapper.QueryAsync[T](IDbConnection cnn, Type effectiveType, CommandDefinition command) in /_/Dapper/SqlMapper.Async.cs:line 433
   at DapperAid.QueryRunner.SelectAsync[TFrom,TColumns](Expression`1 where, String otherClauses)
   at Pages.IndexModel.OnGetAsync()
   at Microsoft.AspNetCore.Mvc.RazorPages.Infrastructure.ExecutorFactory.NonGenericTaskHandlerMethod.Execute(Object receiver, Object[] arguments)
   at Microsoft.AspNetCore.Mvc.RazorPages.Infrastructure.PageActionInvoker.InvokeHandlerMethodAsync()
   at Microsoft.AspNetCore.Mvc.RazorPages.Infrastructure.PageActionInvoker.InvokeNextPageFilterAsync()
   at Microsoft.AspNetCore.Mvc.RazorPages.Infrastructure.PageActionInvoker.Rethrow(PageHandlerExecutedContext context)
   at Microsoft.AspNetCore.Mvc.RazorPages.Infrastructure.PageActionInvoker.Next(State& next, Scope& scope, Object& state, Boolean& isCompleted)
   at Microsoft.AspNetCore.Mvc.RazorPages.Infrastructure.PageActionInvoker.InvokeInnerFilterAsync()
   at Microsoft.AspNetCore.Mvc.Infrastructure.ResourceInvoker.<InvokeNextResourceFilter>g__Awaited|25_0(ResourceInvoker invoker, Task lastTask, State next, Scope scope, Object state, Boolean isCompleted)
   at Microsoft.AspNetCore.Mvc.Infrastructure.ResourceInvoker.Rethrow(ResourceExecutedContextSealed context)
   at Microsoft.AspNetCore.Mvc.Infrastructure.ResourceInvoker.Next(State& next, Scope& scope, Object& state, Boolean& isCompleted)
   at Microsoft.AspNetCore.Mvc.Infrastructure.ResourceInvoker.<InvokeFilterPipelineAsync>g__Awaited|20_0(ResourceInvoker invoker, Task lastTask, State next, Scope scope, Object state, Boolean isCompleted)
   at Microsoft.AspNetCore.Mvc.Infrastructure.ResourceInvoker.<InvokeAsync>g__Awaited|17_0(ResourceInvoker invoker, Task task, IDisposable scope)
   at Microsoft.AspNetCore.Mvc.Infrastructure.ResourceInvoker.<InvokeAsync>g__Awaited|17_0(ResourceInvoker invoker, Task task, IDisposable scope)
   at Microsoft.AspNetCore.Authorization.AuthorizationMiddleware.Invoke(HttpContext context)
   at Microsoft.AspNetCore.Authentication.AuthenticationMiddleware.Invoke(HttpContext context)
   at Src.Basis.BasicAuthMiddleware.Invoke(HttpContext context)
   at Microsoft.AspNetCore.Diagnostics.StatusCodePagesMiddleware.Invoke(HttpContext context)
   at Microsoft.AspNetCore.Diagnostics.DeveloperExceptionPageMiddlewareImpl.Invoke(HttpContext context)
2026-02-02 11:49:56.251|WRN|Web-<Main>$(#174)| HTTPERROR: NotFound GET /.well-known/appspecific/com.chrome.devtools.json  from:::1 ["Mozilla/5.0 (Windows NT 10.0; Win64; x64) AppleWebKit/537.36 (KHTML, like Gecko) Chrome/144.0.0.0 Safari/537.36"]
2026-02-02 11:50:28.239|ERR|Src.Services.DbLogService-LogError(#16)| DB処理エラー:Failed to connect to 192.168.11.222:5432
2026-02-02 11:50:28.468|ERR|Microsoft.AspNetCore.Diagnostics.DeveloperExceptionPageMiddleware| An unhandled exception has occurred while executing the request.Npgsql.NpgsqlException (0x80004005): Failed to connect to 192.168.11.222:5432
 ---> System.TimeoutException: The operation has timed out.
   at Npgsql.TaskTimeoutAndCancellation.ExecuteAsync(Func`2 getTaskFunc, NpgsqlTimeout timeout, CancellationToken cancellationToken)
   at Npgsql.Internal.NpgsqlConnector.ConnectAsync(NpgsqlTimeout timeout, CancellationToken cancellationToken)
   at DapperAid.DbAccess.LoggableDbConnection.OpenAsync(CancellationToken cancellationToken)
   at Dapper.SqlMapper.QueryAsync[T](IDbConnection cnn, Type effectiveType, CommandDefinition command) in /_/Dapper/SqlMapper.Async.cs:line 433
   at DapperAid.QueryRunner.SelectAsync[TFrom,TColumns](Expression`1 where, String otherClauses)
   at Pages.IndexModel.OnGetAsync()
   at Microsoft.AspNetCore.Mvc.RazorPages.Infrastructure.ExecutorFactory.NonGenericTaskHandlerMethod.Execute(Object receiver, Object[] arguments)
   at Microsoft.AspNetCore.Mvc.RazorPages.Infrastructure.PageActionInvoker.InvokeHandlerMethodAsync()
   at Microsoft.AspNetCore.Mvc.RazorPages.Infrastructure.PageActionInvoker.InvokeNextPageFilterAsync()
   at Microsoft.AspNetCore.Mvc.RazorPages.Infrastructure.PageActionInvoker.Rethrow(PageHandlerExecutedContext context)
   at Microsoft.AspNetCore.Mvc.RazorPages.Infrastructure.PageActionInvoker.Next(State& next, Scope& scope, Object& state, Boolean& isCompleted)
   at Microsoft.AspNetCore.Mvc.RazorPages.Infrastructure.PageActionInvoker.InvokeInnerFilterAsync()
   at Microsoft.AspNetCore.Mvc.Infrastructure.ResourceInvoker.<InvokeNextResourceFilter>g__Awaited|25_0(ResourceInvoker invoker, Task lastTask, State next, Scope scope, Object state, Boolean isCompleted)
   at Microsoft.AspNetCore.Mvc.Infrastructure.ResourceInvoker.Rethrow(ResourceExecutedContextSealed context)
   at Microsoft.AspNetCore.Mvc.Infrastructure.ResourceInvoker.Next(State& next, Scope& scope, Object& state, Boolean& isCompleted)
   at Microsoft.AspNetCore.Mvc.Infrastructure.ResourceInvoker.<InvokeFilterPipelineAsync>g__Awaited|20_0(ResourceInvoker invoker, Task lastTask, State next, Scope scope, Object state, Boolean isCompleted)
   at Microsoft.AspNetCore.Mvc.Infrastructure.ResourceInvoker.<InvokeAsync>g__Awaited|17_0(ResourceInvoker invoker, Task task, IDisposable scope)
   at Microsoft.AspNetCore.Mvc.Infrastructure.ResourceInvoker.<InvokeAsync>g__Awaited|17_0(ResourceInvoker invoker, Task task, IDisposable scope)
   at Microsoft.AspNetCore.Authorization.AuthorizationMiddleware.Invoke(HttpContext context)
   at Microsoft.AspNetCore.Authentication.AuthenticationMiddleware.Invoke(HttpContext context)
   at Src.Basis.BasicAuthMiddleware.Invoke(HttpContext context)
   at Microsoft.AspNetCore.Diagnostics.StatusCodePagesMiddleware.Invoke(HttpContext context)
   at Microsoft.AspNetCore.Diagnostics.DeveloperExceptionPageMiddlewareImpl.Invoke(HttpContext context)
2026-02-02 11:50:28.562|WRN|Web-<Main>$(#174)| HTTPERROR: NotFound GET /.well-known/appspecific/com.chrome.devtools.json  from:::1 ["Mozilla/5.0 (Windows NT 10.0; Win64; x64) AppleWebKit/537.36 (KHTML, like Gecko) Chrome/144.0.0.0 Safari/537.36"]
2026-02-02 12:02:14.022|ERR|Src.Services.DbLogService-LogError(#16)| DB処理エラー:Failed to connect to 192.168.11.222:5432
2026-02-02 12:02:14.380|ERR|Microsoft.AspNetCore.Diagnostics.DeveloperExceptionPageMiddleware| An unhandled exception has occurred while executing the request.Npgsql.NpgsqlException (0x80004005): Failed to connect to 192.168.11.222:5432
 ---> System.TimeoutException: The operation has timed out.
   at Npgsql.TaskTimeoutAndCancellation.ExecuteAsync(Func`2 getTaskFunc, NpgsqlTimeout timeout, CancellationToken cancellationToken)
   at Npgsql.Internal.NpgsqlConnector.ConnectAsync(NpgsqlTimeout timeout, CancellationToken cancellationToken)
   at DapperAid.DbAccess.LoggableDbConnection.OpenAsync(CancellationToken cancellationToken)
   at Dapper.SqlMapper.QueryAsync[T](IDbConnection cnn, Type effectiveType, CommandDefinition command) in /_/Dapper/SqlMapper.Async.cs:line 433
   at DapperAid.QueryRunner.SelectAsync[TFrom,TColumns](Expression`1 where, String otherClauses)
   at Pages.IndexModel.OnGetAsync()
   at Microsoft.AspNetCore.Mvc.RazorPages.Infrastructure.ExecutorFactory.NonGenericTaskHandlerMethod.Execute(Object receiver, Object[] arguments)
   at Microsoft.AspNetCore.Mvc.RazorPages.Infrastructure.PageActionInvoker.InvokeHandlerMethodAsync()
   at Microsoft.AspNetCore.Mvc.RazorPages.Infrastructure.PageActionInvoker.InvokeNextPageFilterAsync()
   at Microsoft.AspNetCore.Mvc.RazorPages.Infrastructure.PageActionInvoker.Rethrow(PageHandlerExecutedContext context)
   at Microsoft.AspNetCore.Mvc.RazorPages.Infrastructure.PageActionInvoker.Next(State& next, Scope& scope, Object& state, Boolean& isCompleted)
   at Microsoft.AspNetCore.Mvc.RazorPages.Infrastructure.PageActionInvoker.InvokeInnerFilterAsync()
   at Microsoft.AspNetCore.Mvc.Infrastructure.ResourceInvoker.<InvokeNextResourceFilter>g__Awaited|25_0(ResourceInvoker invoker, Task lastTask, State next, Scope scope, Object state, Boolean isCompleted)
   at Microsoft.AspNetCore.Mvc.Infrastructure.ResourceInvoker.Rethrow(ResourceExecutedContextSealed context)
   at Microsoft.AspNetCore.Mvc.Infrastructure.ResourceInvoker.Next(State& next, Scope& scope, Object& state, Boolean& isCompleted)
   at Microsoft.AspNetCore.Mvc.Infrastructure.ResourceInvoker.<InvokeFilterPipelineAsync>g__Awaited|20_0(ResourceInvoker invoker, Task lastTask, State next, Scope scope, Object state, Boolean isCompleted)
   at Microsoft.AspNetCore.Mvc.Infrastructure.ResourceInvoker.<InvokeAsync>g__Awaited|17_0(ResourceInvoker invoker, Task task, IDisposable scope)
   at Microsoft.AspNetCore.Mvc.Infrastructure.ResourceInvoker.<InvokeAsync>g__Awaited|17_0(ResourceInvoker invoker, Task task, IDisposable scope)
   at Microsoft.AspNetCore.Authorization.AuthorizationMiddleware.Invoke(HttpContext context)
   at Microsoft.AspNetCore.Authentication.AuthenticationMiddleware.Invoke(HttpContext context)
   at Src.Basis.BasicAuthMiddleware.Invoke(HttpContext context)
   at Microsoft.AspNetCore.Diagnostics.StatusCodePagesMiddleware.Invoke(HttpContext context)
   at Microsoft.AspNetCore.Diagnostics.DeveloperExceptionPageMiddlewareImpl.Invoke(HttpContext context)
2026-02-02 12:02:14.946|WRN|Web-<Main>$(#174)| HTTPERROR: NotFound GET /.well-known/appspecific/com.chrome.devtools.json  from:::1 ["Mozilla/5.0 (Windows NT 10.0; Win64; x64) AppleWebKit/537.36 (KHTML, like Gecko) Chrome/144.0.0.0 Safari/537.36"]
2026-02-02 12:03:14.392|INF|Web-<Main>$(#200)| 
2026-02-02 12:03:14.396|INF|Web-<Main>$(#201)| App Starting. (Version=0.2.2025.1020)
2026-02-02 12:03:14.732|INF|Microsoft.Hosting.Lifetime| Now listening on: http://localhost:5260
2026-02-02 12:03:14.856|INF|Microsoft.Hosting.Lifetime| Application started. Press Ctrl+C to shut down.
2026-02-02 12:03:14.858|INF|Microsoft.Hosting.Lifetime| Hosting environment: Development
2026-02-02 12:03:14.858|INF|Microsoft.Hosting.Lifetime| Content root path: C:\Users\j.uchida\Documents\Development\PCKK-KantoHeli\Web
2026-02-02 12:09:04.860|INF|Web-<Main>$(#200)| 
2026-02-02 12:09:04.866|INF|Web-<Main>$(#201)| App Starting. (Version=0.2.2025.1020)
2026-02-02 12:09:05.357|INF|Microsoft.Hosting.Lifetime| Now listening on: http://localhost:5260
2026-02-02 12:09:05.487|INF|Microsoft.Hosting.Lifetime| Application started. Press Ctrl+C to shut down.
2026-02-02 12:09:05.488|INF|Microsoft.Hosting.Lifetime| Hosting environment: Development
2026-02-02 12:09:05.489|INF|Microsoft.Hosting.Lifetime| Content root path: C:\Users\j.uchida\Documents\Development\PCKK-KantoHeli\Web
2026-02-02 12:48:40.664|INF|Web-<Main>$(#200)| 
2026-02-02 12:48:40.670|INF|Web-<Main>$(#201)| App Starting. (Version=0.2.2025.1020)
2026-02-02 12:48:41.339|INF|Microsoft.Hosting.Lifetime| Application started. Press Ctrl+C to shut down.
2026-02-02 12:48:41.346|INF|Microsoft.Hosting.Lifetime| Hosting environment: Development
2026-02-02 12:48:41.349|INF|Microsoft.Hosting.Lifetime| Content root path: C:\Users\j.uchida\Documents\Development\PCKK-KantoHeli\Web
2026-02-02 12:49:40.605|WRN|Src.WebAPI.LogJsAPI-LogJsError(#23)| JavaScriptError: Uncaught ReferenceError: $1 is not defined  (/ file=https://localhost:44321/js/index.js?v=zX1R1VHcBHJq0WZu_KwmFnzqbzF8_3I6AoS8pwsmIdU line=1 col=477 ) (https://localhost:44321/)
2026-02-02 12:49:40.613|WRN|Src.WebAPI.LogJsAPI-LogJsError(#24)|     from:::1 ["Mozilla/5.0 (Windows NT 10.0; Win64; x64) AppleWebKit/537.36 (KHTML, like Gecko) Chrome/144.0.0.0 Safari/537.36"]
2026-02-02 12:49:50.019|WRN|Web-<Main>$(#174)| HTTPERROR: NotFound GET /.well-known/appspecific/com.chrome.devtools.json  from:::1 ["Mozilla/5.0 (Windows NT 10.0; Win64; x64) AppleWebKit/537.36 (KHTML, like Gecko) Chrome/144.0.0.0 Safari/537.36"]
2026-02-02 12:51:16.642|WRN|Web-<Main>$(#174)| HTTPERROR: NotFound GET /.well-known/appspecific/com.chrome.devtools.json  from:::1 ["Mozilla/5.0 (Windows NT 10.0; Win64; x64) AppleWebKit/537.36 (KHTML, like Gecko) Chrome/144.0.0.0 Safari/537.36"]
2026-02-02 12:51:18.202|WRN|Src.WebAPI.LogJsAPI-LogJsError(#23)| JavaScriptError: Uncaught ReferenceError: $1 is not defined  (/ file=https://localhost:44321/js/index.js?v=zX1R1VHcBHJq0WZu_KwmFnzqbzF8_3I6AoS8pwsmIdU line=1 col=477 ) (https://localhost:44321/)
2026-02-02 12:51:18.202|WRN|Src.WebAPI.LogJsAPI-LogJsError(#24)|     from:::1 ["Mozilla/5.0 (Windows NT 10.0; Win64; x64) AppleWebKit/537.36 (KHTML, like Gecko) Chrome/144.0.0.0 Safari/537.36"]
2026-02-02 12:52:19.304|WRN|Web-<Main>$(#174)| HTTPERROR: NotFound GET /.well-known/appspecific/com.chrome.devtools.json  from:::1 ["Mozilla/5.0 (Windows NT 10.0; Win64; x64) AppleWebKit/537.36 (KHTML, like Gecko) Chrome/144.0.0.0 Safari/537.36"]
2026-02-02 12:52:24.974|WRN|Web-<Main>$(#174)| HTTPERROR: NotFound GET /.well-known/appspecific/com.chrome.devtools.json  from:::1 ["Mozilla/5.0 (Windows NT 10.0; Win64; x64) AppleWebKit/537.36 (KHTML, like Gecko) Chrome/144.0.0.0 Safari/537.36"]
2026-02-02 12:52:29.610|WRN|Pages.Main.IndexModel-OnGetAsync(#67)| 編集対象データ不存在：0
2026-02-02 12:52:45.246|WRN|Web-<Main>$(#174)| HTTPERROR: NotFound GET /.well-known/appspecific/com.chrome.devtools.json  from:::1 ["Mozilla/5.0 (Windows NT 10.0; Win64; x64) AppleWebKit/537.36 (KHTML, like Gecko) Chrome/144.0.0.0 Safari/537.36"]
2026-02-02 14:37:31.787|INF|Web-<Main>$(#200)| 
2026-02-02 14:37:31.792|INF|Web-<Main>$(#201)| App Starting. (Version=0.2.2025.1020)
2026-02-02 14:37:32.343|INF|Microsoft.Hosting.Lifetime| Application started. Press Ctrl+C to shut down.
2026-02-02 14:37:32.346|INF|Microsoft.Hosting.Lifetime| Hosting environment: Development
2026-02-02 14:37:32.398|INF|Microsoft.Hosting.Lifetime| Content root path: C:\Users\j.uchida\Documents\Development\PCKK-KantoHeli\Web
2026-02-02 14:42:41.806|INF|Web-<Main>$(#200)| 
2026-02-02 14:42:41.810|INF|Web-<Main>$(#201)| App Starting. (Version=0.2.2025.1020)
2026-02-02 14:42:42.303|INF|Microsoft.Hosting.Lifetime| Now listening on: http://localhost:5260
2026-02-02 14:42:42.400|INF|Microsoft.Hosting.Lifetime| Application started. Press Ctrl+C to shut down.
2026-02-02 14:42:42.401|INF|Microsoft.Hosting.Lifetime| Hosting environment: Development
2026-02-02 14:42:42.401|INF|Microsoft.Hosting.Lifetime| Content root path: C:\Users\j.uchida\Documents\Development\PCKK-KantoHeli\Web
2026-02-02 14:46:07.450|INF|Web-<Main>$(#200)| 
2026-02-02 14:46:07.453|INF|Web-<Main>$(#201)| App Starting. (Version=0.2.2025.1020)
2026-02-02 14:46:08.231|INF|Microsoft.Hosting.Lifetime| Application started. Press Ctrl+C to shut down.
2026-02-02 14:46:08.233|INF|Microsoft.Hosting.Lifetime| Hosting environment: Development
2026-02-02 14:46:08.239|INF|Microsoft.Hosting.Lifetime| Content root path: C:\Users\j.uchida\Documents\Development\PCKK-KantoHeli\Web
2026-02-02 14:51:55.585|INF|Web-<Main>$(#200)| 
2026-02-02 14:51:55.592|INF|Web-<Main>$(#201)| App Starting. (Version=0.2.2025.1020)
2026-02-02 14:51:56.139|INF|Microsoft.Hosting.Lifetime| Now listening on: http://localhost:5260
2026-02-02 14:51:56.274|INF|Microsoft.Hosting.Lifetime| Application started. Press Ctrl+C to shut down.
2026-02-02 14:51:56.276|INF|Microsoft.Hosting.Lifetime| Hosting environment: Development
2026-02-02 14:51:56.277|INF|Microsoft.Hosting.Lifetime| Content root path: C:\Users\j.uchida\Documents\Development\PCKK-KantoHeli\Web
2026-02-02 15:54:07.887|WRN|Web-<Main>$(#174)| HTTPERROR: NotFound GET /.well-known/appspecific/com.chrome.devtools.json  from:::1 ["Mozilla/5.0 (Windows NT 10.0; Win64; x64) AppleWebKit/537.36 (KHTML, like Gecko) Chrome/144.0.0.0 Safari/537.36"]
2026-02-02 15:57:07.749|WRN|Web-<Main>$(#174)| HTTPERROR: NotFound GET /.well-known/appspecific/com.chrome.devtools.json  from:::1 ["Mozilla/5.0 (Windows NT 10.0; Win64; x64) AppleWebKit/537.36 (KHTML, like Gecko) Chrome/144.0.0.0 Safari/537.36"]
2026-02-02 16:10:56.160|WRN|Web-<Main>$(#174)| HTTPERROR: NotFound GET /.well-known/appspecific/com.chrome.devtools.json  from:::1 ["Mozilla/5.0 (Windows NT 10.0; Win64; x64) AppleWebKit/537.36 (KHTML, like Gecko) Chrome/144.0.0.0 Safari/537.36"]
2026-02-02 16:10:56.762|WRN|Src.WebAPI.LogJsAPI-LogJsError(#23)| JavaScriptError: Uncaught SyntaxError: Unexpected token '}'  (/Main/2?tab=tab%E3%83%AB%E3%83%BC%E3%83%88%E4%BD%9C%E6%88%90 file=http://localhost:5260/js/main/index.js?v=OlFGK3GwW5cccHJeCpmfa6SfWbEEpqNomlchwkIZDk4 line=916 col=1 ) (http://localhost:5260/Main/2?tab=tab%E3%83%AB%E3%83%BC%E3%83%88%E4%BD%9C%E6%88%90)
2026-02-02 16:10:56.762|WRN|Src.WebAPI.LogJsAPI-LogJsError(#24)|     from:::1 ["Mozilla/5.0 (Windows NT 10.0; Win64; x64) AppleWebKit/537.36 (KHTML, like Gecko) Chrome/144.0.0.0 Safari/537.36"]
2026-02-02 16:11:26.236|WRN|Web-<Main>$(#174)| HTTPERROR: NotFound GET /.well-known/appspecific/com.chrome.devtools.json  from:::1 ["Mozilla/5.0 (Windows NT 10.0; Win64; x64) AppleWebKit/537.36 (KHTML, like Gecko) Chrome/144.0.0.0 Safari/537.36"]
2026-02-02 16:11:26.382|WRN|Src.WebAPI.LogJsAPI-LogJsError(#23)| JavaScriptError: Uncaught SyntaxError: Unexpected token '}'  (/Main/2?tab=tab%E3%83%AB%E3%83%BC%E3%83%88%E4%BD%9C%E6%88%90 file=http://localhost:5260/js/main/index.js?v=OlFGK3GwW5cccHJeCpmfa6SfWbEEpqNomlchwkIZDk4 line=916 col=1 ) (http://localhost:5260/Main/2?tab=tab%E3%83%AB%E3%83%BC%E3%83%88%E4%BD%9C%E6%88%90)
2026-02-02 16:11:26.382|WRN|Src.WebAPI.LogJsAPI-LogJsError(#24)|     from:::1 ["Mozilla/5.0 (Windows NT 10.0; Win64; x64) AppleWebKit/537.36 (KHTML, like Gecko) Chrome/144.0.0.0 Safari/537.36"]
2026-02-02 16:34:00.326|WRN|Web-<Main>$(#174)| HTTPERROR: NotFound GET /.well-known/appspecific/com.chrome.devtools.json  from:::1 ["Mozilla/5.0 (Windows NT 10.0; Win64; x64) AppleWebKit/537.36 (KHTML, like Gecko) Chrome/144.0.0.0 Safari/537.36"]
2026-02-02 16:34:00.417|WRN|Src.WebAPI.LogJsAPI-LogJsError(#23)| JavaScriptError: Uncaught SyntaxError: Unexpected token '}'  (/Main/2?tab=tab%E3%83%AB%E3%83%BC%E3%83%88%E4%BD%9C%E6%88%90 file=http://localhost:5260/js/main/index.js?v=OlFGK3GwW5cccHJeCpmfa6SfWbEEpqNomlchwkIZDk4 line=916 col=1 ) (http://localhost:5260/Main/2?tab=tab%E3%83%AB%E3%83%BC%E3%83%88%E4%BD%9C%E6%88%90)
2026-02-02 16:34:00.417|WRN|Src.WebAPI.LogJsAPI-LogJsError(#24)|     from:::1 ["Mozilla/5.0 (Windows NT 10.0; Win64; x64) AppleWebKit/537.36 (KHTML, like Gecko) Chrome/144.0.0.0 Safari/537.36"]
2026-02-02 16:34:25.843|WRN|Web-<Main>$(#174)| HTTPERROR: NotFound GET /.well-known/appspecific/com.chrome.devtools.json  from:::1 ["Mozilla/5.0 (Windows NT 10.0; Win64; x64) AppleWebKit/537.36 (KHTML, like Gecko) Chrome/144.0.0.0 Safari/537.36"]
2026-02-02 16:34:26.130|WRN|Src.WebAPI.LogJsAPI-LogJsError(#23)| JavaScriptError: Uncaught TypeError: Cannot read properties of null (reading 'addEventListener')  (/Main/2?tab=tab%E3%83%AB%E3%83%BC%E3%83%88%E4%BD%9C%E6%88%90 file=http://localhost:5260/js/main/index.js?v=pEVUkGqw2dbuujZNbX7JrwNBAuaqPOulFskD99U5Bv4 line=673 col=22 ) (http://localhost:5260/Main/2?tab=tab%E3%83%AB%E3%83%BC%E3%83%88%E4%BD%9C%E6%88%90)
2026-02-02 16:34:26.131|WRN|Src.WebAPI.LogJsAPI-LogJsError(#24)|     from:::1 ["Mozilla/5.0 (Windows NT 10.0; Win64; x64) AppleWebKit/537.36 (KHTML, like Gecko) Chrome/144.0.0.0 Safari/537.36"]
2026-02-02 16:41:15.197|WRN|Src.WebAPI.LogJsAPI-LogJsError(#23)| JavaScriptError: Uncaught TypeError: Cannot read properties of null (reading 'addEventListener')  (/Main/2?tab=tab%E3%83%AB%E3%83%BC%E3%83%88%E4%BD%9C%E6%88%90 file=http://localhost:5260/js/main/index.js?v=pEVUkGqw2dbuujZNbX7JrwNBAuaqPOulFskD99U5Bv4 line=673 col=22 ) (http://localhost:5260/Main/2?tab=tab%E3%83%AB%E3%83%BC%E3%83%88%E4%BD%9C%E6%88%90)
2026-02-02 16:41:15.200|WRN|Src.WebAPI.LogJsAPI-LogJsError(#24)|     from:::1 ["Mozilla/5.0 (Windows NT 10.0; Win64; x64) AppleWebKit/537.36 (KHTML, like Gecko) Chrome/144.0.0.0 Safari/537.36"]
2026-02-02 16:41:15.323|WRN|Web-<Main>$(#174)| HTTPERROR: NotFound GET /.well-known/appspecific/com.chrome.devtools.json  from:::1 ["Mozilla/5.0 (Windows NT 10.0; Win64; x64) AppleWebKit/537.36 (KHTML, like Gecko) Chrome/144.0.0.0 Safari/537.36"]
2026-02-02 16:42:50.187|WRN|Web-<Main>$(#174)| HTTPERROR: NotFound GET /.well-known/appspecific/com.chrome.devtools.json  from:::1 ["Mozilla/5.0 (Windows NT 10.0; Win64; x64) AppleWebKit/537.36 (KHTML, like Gecko) Chrome/144.0.0.0 Safari/537.36"]
2026-02-02 16:43:02.267|WRN|Src.WebAPI.LogJsAPI-LogJsError(#23)| JavaScriptError: Uncaught TypeError: Cannot read properties of null (reading 'addEventListener')  (/Main/2?tab=tab%E3%83%AB%E3%83%BC%E3%83%88%E4%BD%9C%E6%88%90 file=http://localhost:5260/js/main/index.js?v=pEVUkGqw2dbuujZNbX7JrwNBAuaqPOulFskD99U5Bv4 line=673 col=22 ) (http://localhost:5260/Main/2?tab=tab%E3%83%AB%E3%83%BC%E3%83%88%E4%BD%9C%E6%88%90)
2026-02-02 16:43:02.268|WRN|Src.WebAPI.LogJsAPI-LogJsError(#24)|     from:::1 ["Mozilla/5.0 (Windows NT 10.0; Win64; x64) AppleWebKit/537.36 (KHTML, like Gecko) Chrome/144.0.0.0 Safari/537.36"]
2026-02-02 16:45:47.530|WRN|Web-<Main>$(#174)| HTTPERROR: NotFound GET /.well-known/appspecific/com.chrome.devtools.json  from:::1 ["Mozilla/5.0 (Windows NT 10.0; Win64; x64) AppleWebKit/537.36 (KHTML, like Gecko) Chrome/144.0.0.0 Safari/537.36"]
2026-02-02 16:45:47.883|WRN|Src.WebAPI.LogJsAPI-LogJsError(#23)| JavaScriptError: Uncaught ReferenceError: selルート作成起点 is not defined  (/Main/2?tab=tab%E3%83%AB%E3%83%BC%E3%83%88%E4%BD%9C%E6%88%90 file=http://localhost:5260/js/main/index.js?v=DaeLTJ9Xz4GkJ06wNyJnHV5dziVFmf4x1wYdh60m40s line=746 col=17 ) (http://localhost:5260/Main/2?tab=tab%E3%83%AB%E3%83%BC%E3%83%88%E4%BD%9C%E6%88%90)
2026-02-02 16:45:47.883|WRN|Src.WebAPI.LogJsAPI-LogJsError(#24)|     from:::1 ["Mozilla/5.0 (Windows NT 10.0; Win64; x64) AppleWebKit/537.36 (KHTML, like Gecko) Chrome/144.0.0.0 Safari/537.36"]
2026-02-02 16:48:02.063|WRN|Web-<Main>$(#174)| HTTPERROR: NotFound GET /.well-known/appspecific/com.chrome.devtools.json  from:::1 ["Mozilla/5.0 (Windows NT 10.0; Win64; x64) AppleWebKit/537.36 (KHTML, like Gecko) Chrome/144.0.0.0 Safari/537.36"]
2026-02-02 16:48:02.394|WRN|Src.WebAPI.LogJsAPI-LogJsError(#23)| JavaScriptError: Uncaught TypeError: Cannot read properties of null (reading 'addEventListener')  (/Main/2?tab=tab%E3%83%AB%E3%83%BC%E3%83%88%E4%BD%9C%E6%88%90 file=http://localhost:5260/js/main/index.js?v=PctjXi0LWMhDvOHVrWx_JVN2dENb_z2PSU6IFn5e91U line=702 col=22 ) (http://localhost:5260/Main/2?tab=tab%E3%83%AB%E3%83%BC%E3%83%88%E4%BD%9C%E6%88%90)
2026-02-02 16:48:02.394|WRN|Src.WebAPI.LogJsAPI-LogJsError(#24)|     from:::1 ["Mozilla/5.0 (Windows NT 10.0; Win64; x64) AppleWebKit/537.36 (KHTML, like Gecko) Chrome/144.0.0.0 Safari/537.36"]
2026-02-02 16:50:54.238|WRN|Web-<Main>$(#174)| HTTPERROR: NotFound GET /.well-known/appspecific/com.chrome.devtools.json  from:::1 ["Mozilla/5.0 (Windows NT 10.0; Win64; x64) AppleWebKit/537.36 (KHTML, like Gecko) Chrome/144.0.0.0 Safari/537.36"]
2026-02-02 16:50:54.682|WRN|Src.WebAPI.LogJsAPI-LogJsError(#23)| JavaScriptError: Uncaught TypeError: Cannot read properties of null (reading 'addEventListener')  (/Main/2?tab=tab%E3%83%AB%E3%83%BC%E3%83%88%E4%BD%9C%E6%88%90 file=http://localhost:5260/js/main/index.js?v=SkCFjhfWohEuFxpVhoc8IQchKu2vHWH8IM1XgWhItQs line=704 col=24 ) (http://localhost:5260/Main/2?tab=tab%E3%83%AB%E3%83%BC%E3%83%88%E4%BD%9C%E6%88%90)
2026-02-02 16:50:54.687|WRN|Src.WebAPI.LogJsAPI-LogJsError(#24)|     from:::1 ["Mozilla/5.0 (Windows NT 10.0; Win64; x64) AppleWebKit/537.36 (KHTML, like Gecko) Chrome/144.0.0.0 Safari/537.36"]
2026-02-02 16:50:58.799|WRN|Web-<Main>$(#174)| HTTPERROR: NotFound GET /.well-known/appspecific/com.chrome.devtools.json  from:::1 ["Mozilla/5.0 (Windows NT 10.0; Win64; x64) AppleWebKit/537.36 (KHTML, like Gecko) Chrome/144.0.0.0 Safari/537.36"]
2026-02-02 16:50:59.126|WRN|Src.WebAPI.LogJsAPI-LogJsError(#23)| JavaScriptError: Uncaught TypeError: Cannot read properties of null (reading 'addEventListener')  (/Main/2?tab=tab%E3%83%AB%E3%83%BC%E3%83%88%E4%BD%9C%E6%88%90 file=http://localhost:5260/js/main/index.js?v=a9j6lcXZNfWV8qHYk7Cy6ZvBYgZaz3Jv4Uel0i5alnw line=703 col=24 ) (http://localhost:5260/Main/2?tab=tab%E3%83%AB%E3%83%BC%E3%83%88%E4%BD%9C%E6%88%90)
2026-02-02 16:50:59.127|WRN|Src.WebAPI.LogJsAPI-LogJsError(#24)|     from:::1 ["Mozilla/5.0 (Windows NT 10.0; Win64; x64) AppleWebKit/537.36 (KHTML, like Gecko) Chrome/144.0.0.0 Safari/537.36"]
2026-02-02 16:51:10.141|WRN|Web-<Main>$(#174)| HTTPERROR: NotFound GET /.well-known/appspecific/com.chrome.devtools.json  from:::1 ["Mozilla/5.0 (Windows NT 10.0; Win64; x64) AppleWebKit/537.36 (KHTML, like Gecko) Chrome/144.0.0.0 Safari/537.36"]
2026-02-02 16:51:10.335|WRN|Src.WebAPI.LogJsAPI-LogJsError(#23)| JavaScriptError: Uncaught TypeError: Cannot read properties of null (reading 'addEventListener')  (/Main/2?tab=tab%E3%83%AB%E3%83%BC%E3%83%88%E4%BD%9C%E6%88%90 file=http://localhost:5260/js/main/index.js?v=a9j6lcXZNfWV8qHYk7Cy6ZvBYgZaz3Jv4Uel0i5alnw line=703 col=24 ) (http://localhost:5260/Main/2?tab=tab%E3%83%AB%E3%83%BC%E3%83%88%E4%BD%9C%E6%88%90)
2026-02-02 16:51:10.335|WRN|Src.WebAPI.LogJsAPI-LogJsError(#24)|     from:::1 ["Mozilla/5.0 (Windows NT 10.0; Win64; x64) AppleWebKit/537.36 (KHTML, like Gecko) Chrome/144.0.0.0 Safari/537.36"]
2026-02-02 16:53:09.339|WRN|Web-<Main>$(#174)| HTTPERROR: NotFound GET /.well-known/appspecific/com.chrome.devtools.json  from:::1 ["Mozilla/5.0 (Windows NT 10.0; Win64; x64) AppleWebKit/537.36 (KHTML, like Gecko) Chrome/144.0.0.0 Safari/537.36"]
2026-02-02 16:53:09.620|WRN|Src.WebAPI.LogJsAPI-LogJsError(#23)| JavaScriptError: Uncaught TypeError: Cannot read properties of null (reading 'addEventListener')  (/Main/2?tab=tab%E3%83%AB%E3%83%BC%E3%83%88%E4%BD%9C%E6%88%90 file=http://localhost:5260/js/main/index.js?v=a9j6lcXZNfWV8qHYk7Cy6ZvBYgZaz3Jv4Uel0i5alnw line=703 col=24 ) (http://localhost:5260/Main/2?tab=tab%E3%83%AB%E3%83%BC%E3%83%88%E4%BD%9C%E6%88%90)
2026-02-02 16:53:09.620|WRN|Src.WebAPI.LogJsAPI-LogJsError(#24)|     from:::1 ["Mozilla/5.0 (Windows NT 10.0; Win64; x64) AppleWebKit/537.36 (KHTML, like Gecko) Chrome/144.0.0.0 Safari/537.36"]
2026-02-02 16:56:56.224|INF|Web-<Main>$(#200)| 
2026-02-02 16:56:56.233|INF|Web-<Main>$(#201)| App Starting. (Version=0.2.2025.1020)
2026-02-02 16:56:56.791|INF|Microsoft.Hosting.Lifetime| Now listening on: http://localhost:5260
2026-02-02 16:56:56.931|INF|Microsoft.Hosting.Lifetime| Application started. Press Ctrl+C to shut down.
2026-02-02 16:56:56.936|INF|Microsoft.Hosting.Lifetime| Hosting environment: Development
2026-02-02 16:56:56.936|INF|Microsoft.Hosting.Lifetime| Content root path: C:\Users\j.uchida\Documents\Development\PCKK-KantoHeli\Web
2026-02-02 16:57:28.061|WRN|Web-<Main>$(#174)| HTTPERROR: NotFound GET /.well-known/appspecific/com.chrome.devtools.json  from:::1 ["Mozilla/5.0 (Windows NT 10.0; Win64; x64) AppleWebKit/537.36 (KHTML, like Gecko) Chrome/144.0.0.0 Safari/537.36"]
2026-02-02 16:57:28.471|WRN|Src.WebAPI.LogJsAPI-LogJsError(#23)| JavaScriptError: Uncaught ReferenceError: tabルート作成Element is not defined  (/Main/2?tab=tab%E3%83%AB%E3%83%BC%E3%83%88%E4%BD%9C%E6%88%90 file=http://localhost:5260/js/main/index.js?v=a9j6lcXZNfWV8qHYk7Cy6ZvBYgZaz3Jv4Uel0i5alnw line=710 col=56 ) (http://localhost:5260/Main/2?tab=tab%E3%83%AB%E3%83%BC%E3%83%88%E4%BD%9C%E6%88%90)
2026-02-02 16:57:28.471|WRN|Src.WebAPI.LogJsAPI-LogJsError(#24)|     from:::1 ["Mozilla/5.0 (Windows NT 10.0; Win64; x64) AppleWebKit/537.36 (KHTML, like Gecko) Chrome/144.0.0.0 Safari/537.36"]
2026-02-02 17:04:25.652|WRN|Web-<Main>$(#174)| HTTPERROR: NotFound GET /.well-known/appspecific/com.chrome.devtools.json  from:::1 ["Mozilla/5.0 (Windows NT 10.0; Win64; x64) AppleWebKit/537.36 (KHTML, like Gecko) Chrome/144.0.0.0 Safari/537.36"]
2026-02-02 17:04:25.709|WRN|Src.WebAPI.LogJsAPI-LogJsError(#23)| JavaScriptError: Uncaught SyntaxError: Unexpected end of input  (/Main/2?tab=tab%E3%83%AB%E3%83%BC%E3%83%88%E4%BD%9C%E6%88%90 file=http://localhost:5260/js/main/index.js?v=2AORHxh17K6vEO1Lytf5uewJ2lPcwxBr70rr25JWdUA line=1022 col=1 ) (http://localhost:5260/Main/2?tab=tab%E3%83%AB%E3%83%BC%E3%83%88%E4%BD%9C%E6%88%90)
2026-02-02 17:04:25.709|WRN|Src.WebAPI.LogJsAPI-LogJsError(#24)|     from:::1 ["Mozilla/5.0 (Windows NT 10.0; Win64; x64) AppleWebKit/537.36 (KHTML, like Gecko) Chrome/144.0.0.0 Safari/537.36"]
2026-02-02 17:05:41.642|WRN|Src.WebAPI.LogJsAPI-LogJsError(#23)| JavaScriptError: Uncaught ReferenceError: tbodyルート作成 is not defined  (/Main/2?tab=tab%E3%83%AB%E3%83%BC%E3%83%88%E4%BD%9C%E6%88%90 file=http://localhost:5260/js/main/index.js?v=GXG-BIWfpdkHj4wR29gfm2WeXRdxR3wjhhrR_u-9VZs line=677 col=3 ) (http://localhost:5260/Main/2?tab=tab%E3%83%AB%E3%83%BC%E3%83%88%E4%BD%9C%E6%88%90)
2026-02-02 17:05:41.655|WRN|Src.WebAPI.LogJsAPI-LogJsError(#24)|     from:::1 ["Mozilla/5.0 (Windows NT 10.0; Win64; x64) AppleWebKit/537.36 (KHTML, like Gecko) Chrome/144.0.0.0 Safari/537.36"]
2026-02-02 17:05:41.940|WRN|Web-<Main>$(#174)| HTTPERROR: NotFound GET /.well-known/appspecific/com.chrome.devtools.json  from:::1 ["Mozilla/5.0 (Windows NT 10.0; Win64; x64) AppleWebKit/537.36 (KHTML, like Gecko) Chrome/144.0.0.0 Safari/537.36"]
2026-02-02 17:07:39.145|WRN|Web-<Main>$(#174)| HTTPERROR: NotFound GET /.well-known/appspecific/com.chrome.devtools.json  from:::1 ["Mozilla/5.0 (Windows NT 10.0; Win64; x64) AppleWebKit/537.36 (KHTML, like Gecko) Chrome/144.0.0.0 Safari/537.36"]
2026-02-02 17:07:39.636|WRN|Src.WebAPI.LogJsAPI-LogJsError(#23)| JavaScriptError: Uncaught TypeError: Cannot read properties of null (reading 'addEventListener')  (/Main/2?tab=tab%E3%83%AB%E3%83%BC%E3%83%88%E4%BD%9C%E6%88%90 file=http://localhost:5260/js/main/index.js?v=8oEcFcZ58b8ZpBblGKiAdbIViL5ldtqX4Of6o2WSi50 line=730 col=45 ) (http://localhost:5260/Main/2?tab=tab%E3%83%AB%E3%83%BC%E3%83%88%E4%BD%9C%E6%88%90)
2026-02-02 17:07:39.636|WRN|Src.WebAPI.LogJsAPI-LogJsError(#24)|     from:::1 ["Mozilla/5.0 (Windows NT 10.0; Win64; x64) AppleWebKit/537.36 (KHTML, like Gecko) Chrome/144.0.0.0 Safari/537.36"]
2026-02-02 17:15:50.200|WRN|Src.WebAPI.LogJsAPI-LogJsError(#23)| JavaScriptError: Uncaught TypeError: Cannot read properties of null (reading 'addEventListener')  (/Main/2?tab=tab%E3%83%AB%E3%83%BC%E3%83%88%E4%BD%9C%E6%88%90 file=http://localhost:5260/js/main/index.js?v=8oEcFcZ58b8ZpBblGKiAdbIViL5ldtqX4Of6o2WSi50 line=730 col=45 ) (http://localhost:5260/Main/2?tab=tab%E3%83%AB%E3%83%BC%E3%83%88%E4%BD%9C%E6%88%90)
2026-02-02 17:15:50.203|WRN|Src.WebAPI.LogJsAPI-LogJsError(#24)|     from:::1 ["Mozilla/5.0 (Windows NT 10.0; Win64; x64) AppleWebKit/537.36 (KHTML, like Gecko) Chrome/144.0.0.0 Safari/537.36"]
2026-02-02 17:15:50.513|WRN|Web-<Main>$(#174)| HTTPERROR: NotFound GET /.well-known/appspecific/com.chrome.devtools.json  from:::1 ["Mozilla/5.0 (Windows NT 10.0; Win64; x64) AppleWebKit/537.36 (KHTML, like Gecko) Chrome/144.0.0.0 Safari/537.36"]
2026-02-02 17:16:43.647|INF|Web-<Main>$(#200)| 
2026-02-02 17:16:43.652|INF|Web-<Main>$(#201)| App Starting. (Version=0.2.2025.1020)
2026-02-02 17:16:44.352|INF|Microsoft.Hosting.Lifetime| Now listening on: http://localhost:5260
2026-02-02 17:16:44.513|INF|Microsoft.Hosting.Lifetime| Application started. Press Ctrl+C to shut down.
2026-02-02 17:16:44.515|INF|Microsoft.Hosting.Lifetime| Hosting environment: Development
2026-02-02 17:16:44.515|INF|Microsoft.Hosting.Lifetime| Content root path: C:\Users\j.uchida\Documents\Development\PCKK-KantoHeli\Web
2026-02-02 17:19:36.668|WRN|Web-<Main>$(#174)| HTTPERROR: NotFound GET /.well-known/appspecific/com.chrome.devtools.json  from:::1 ["Mozilla/5.0 (Windows NT 10.0; Win64; x64) AppleWebKit/537.36 (KHTML, like Gecko) Chrome/144.0.0.0 Safari/537.36"]
2026-02-02 17:19:46.750|WRN|Src.WebAPI.LogJsAPI-LogJsError(#23)| JavaScriptError: Uncaught ReferenceError: selectedFeatureIds is not defined  (/Main/2?tab=tab%E3%83%AB%E3%83%BC%E3%83%88%E4%BD%9C%E6%88%90 file=http://localhost:5260/js/main/index.js?v=8oEcFcZ58b8ZpBblGKiAdbIViL5ldtqX4Of6o2WSi50 line=886 col=22 ) (http://localhost:5260/Main/2?tab=tab%E3%83%AB%E3%83%BC%E3%83%88%E4%BD%9C%E6%88%90)
2026-02-02 17:19:46.750|WRN|Src.WebAPI.LogJsAPI-LogJsError(#24)|     from:::1 ["Mozilla/5.0 (Windows NT 10.0; Win64; x64) AppleWebKit/537.36 (KHTML, like Gecko) Chrome/144.0.0.0 Safari/537.36"]
2026-02-02 17:19:57.225|WRN|Src.WebAPI.LogJsAPI-LogJsError(#23)| JavaScriptError: Uncaught ReferenceError: selectedFeatureIds is not defined  (/Main/2?tab=tab%E3%83%AB%E3%83%BC%E3%83%88%E4%BD%9C%E6%88%90 file=http://localhost:5260/js/main/index.js?v=8oEcFcZ58b8ZpBblGKiAdbIViL5ldtqX4Of6o2WSi50 line=866 col=7 ) (http://localhost:5260/Main/2?tab=tab%E3%83%AB%E3%83%BC%E3%83%88%E4%BD%9C%E6%88%90)
2026-02-02 17:19:57.226|WRN|Src.WebAPI.LogJsAPI-LogJsError(#24)|     from:::1 ["Mozilla/5.0 (Windows NT 10.0; Win64; x64) AppleWebKit/537.36 (KHTML, like Gecko) Chrome/144.0.0.0 Safari/537.36"]
2026-02-02 17:25:28.632|WRN|Web-<Main>$(#174)| HTTPERROR: NotFound GET /.well-known/appspecific/com.chrome.devtools.json  from:::1 ["Mozilla/5.0 (Windows NT 10.0; Win64; x64) AppleWebKit/537.36 (KHTML, like Gecko) Chrome/144.0.0.0 Safari/537.36"]
2026-02-02 17:26:08.026|WRN|Web-<Main>$(#174)| HTTPERROR: NotFound GET /.well-known/appspecific/com.chrome.devtools.json  from:::1 ["Mozilla/5.0 (Windows NT 10.0; Win64; x64) AppleWebKit/537.36 (KHTML, like Gecko) Chrome/144.0.0.0 Safari/537.36"]
2026-02-02 18:02:31.521|INF|Web-<Main>$(#200)| 
2026-02-02 18:02:31.525|INF|Web-<Main>$(#201)| App Starting. (Version=0.2.2025.1020)
2026-02-02 18:02:31.920|INF|Microsoft.Hosting.Lifetime| Now listening on: http://localhost:5260
2026-02-02 18:02:32.009|INF|Microsoft.Hosting.Lifetime| Application started. Press Ctrl+C to shut down.
2026-02-02 18:02:32.010|INF|Microsoft.Hosting.Lifetime| Hosting environment: Development
2026-02-02 18:02:32.011|INF|Microsoft.Hosting.Lifetime| Content root path: C:\Users\j.uchida\Documents\Development\PCKK-KantoHeli\Web
2026-02-02 18:02:49.028|WRN|Web-<Main>$(#174)| HTTPERROR: NotFound GET /.well-known/appspecific/com.chrome.devtools.json  from:::1 ["Mozilla/5.0 (Windows NT 10.0; Win64; x64) AppleWebKit/537.36 (KHTML, like Gecko) Chrome/144.0.0.0 Safari/537.36"]
