2026-03-10 05:08:34.384|INF|Web-<Main>$(#230)| 
2026-03-10 05:08:34.386|INF|Web-<Main>$(#231)| App Starting. (Version=0.2.2025.1020)
2026-03-10 05:08:34.566|INF|Microsoft.Hosting.Lifetime| Now listening on: http://localhost:5260
2026-03-10 05:08:34.602|INF|Microsoft.Hosting.Lifetime| Application started. Press Ctrl+C to shut down.
2026-03-10 05:08:34.602|INF|Microsoft.Hosting.Lifetime| Hosting environment: Development
2026-03-10 05:08:34.603|INF|Microsoft.Hosting.Lifetime| Content root path: D:\01-Development\PCKK-KantoHeli\Web
2026-03-10 05:25:13.158|INF|Web-<Main>$(#210)| StaticRequest START: GET / AuthHeaderPresent:False
2026-03-10 05:25:13.949|INF|Web-<Main>$(#212)| StaticRequest END: 200 /
2026-03-10 05:25:13.975|INF|Web-<Main>$(#210)| StaticRequest START: GET /lib/bootstrap.bundle.min.js AuthHeaderPresent:False
2026-03-10 05:25:13.975|INF|Web-<Main>$(#210)| StaticRequest START: GET /lib/bootstrap-icons/font/bootstrap-icons.css AuthHeaderPresent:False
2026-03-10 05:25:13.975|INF|Web-<Main>$(#210)| StaticRequest START: GET /css/bootstrap_customize.css?v=KGpvL7QlsQGUPqqd3FCgMkjIHYbwULQrfvjb5h6qRaI AuthHeaderPresent:False
2026-03-10 05:25:14.020|INF|Web-<Main>$(#212)| StaticRequest END: 200 /lib/bootstrap-icons/font/bootstrap-icons.css
2026-03-10 05:25:14.020|INF|Web-<Main>$(#212)| StaticRequest END: 200 /css/bootstrap_customize.css
2026-03-10 05:25:14.020|INF|Web-<Main>$(#210)| StaticRequest START: GET /css/site.css?v=4oH-fQJ2neY-lRuecVh9Pf6Ec6Z8gu-4XKZh_ejUKcQ AuthHeaderPresent:False
2026-03-10 05:25:14.020|INF|Web-<Main>$(#210)| StaticRequest START: GET /lib/flatpickr/flatpickr.min.css AuthHeaderPresent:False
2026-03-10 05:25:14.022|INF|Web-<Main>$(#212)| StaticRequest END: 200 /css/site.css
2026-03-10 05:25:14.026|INF|Web-<Main>$(#210)| StaticRequest START: GET /Logo_of_MLIT.svg AuthHeaderPresent:False
2026-03-10 05:25:14.034|INF|Web-<Main>$(#212)| StaticRequest END: 200 /lib/flatpickr/flatpickr.min.css
2026-03-10 05:25:14.041|INF|Web-<Main>$(#212)| StaticRequest END: 200 /Logo_of_MLIT.svg
2026-03-10 05:25:14.061|INF|Web-<Main>$(#212)| StaticRequest END: 200 /lib/bootstrap.bundle.min.js
2026-03-10 05:25:14.068|INF|Web-<Main>$(#210)| StaticRequest START: GET /lib/flatpickr/flatpickr.min.js AuthHeaderPresent:False
2026-03-10 05:25:14.084|INF|Web-<Main>$(#210)| StaticRequest START: GET /js/site.js?v=4sTm-IDD5KS9oFF3-l8M7gGaqqtaBZGON5OTsqAQwTU AuthHeaderPresent:False
2026-03-10 05:25:14.087|INF|Web-<Main>$(#212)| StaticRequest END: 200 /js/site.js
2026-03-10 05:25:14.087|INF|Web-<Main>$(#210)| StaticRequest START: GET /js/index.js?v=k0i6qMqgRLUaZeMBoLOKcujwM_JXXeU-OpjNXCoUrfE AuthHeaderPresent:False
2026-03-10 05:25:14.089|INF|Web-<Main>$(#212)| StaticRequest END: 200 /js/index.js
2026-03-10 05:25:14.142|INF|Web-<Main>$(#212)| StaticRequest END: 200 /lib/flatpickr/flatpickr.min.js
2026-03-10 05:25:14.193|INF|Web-<Main>$(#210)| StaticRequest START: POST /api/LogJsError AuthHeaderPresent:False
2026-03-10 05:25:14.193|INF|Web-<Main>$(#210)| StaticRequest START: GET /lib/bootstrap-icons/font/fonts/bootstrap-icons.woff2?e34853135f9e39acf64315236852cd5a AuthHeaderPresent:False
2026-03-10 05:25:14.213|INF|Web-<Main>$(#212)| StaticRequest END: 200 /lib/bootstrap-icons/font/fonts/bootstrap-icons.woff2
2026-03-10 05:25:14.223|WRN|Src.WebAPI.LogJsAPI-LogJsError(#23)| JavaScriptError: Uncaught TypeError: Cannot read properties of null (reading 'addEventListener')  (/ file=http://localhost:5260/js/index.js?v=k0i6qMqgRLUaZeMBoLOKcujwM_JXXeU-OpjNXCoUrfE line=84 col=49 ) (http://localhost:5260/)
2026-03-10 05:25:14.224|WRN|Src.WebAPI.LogJsAPI-LogJsError(#24)|     from:::1 ["Mozilla/5.0 (Windows NT 10.0; Win64; x64) AppleWebKit/537.36 (KHTML, like Gecko) Chrome/145.0.0.0 Safari/537.36"]
2026-03-10 05:25:14.225|INF|Web-<Main>$(#212)| StaticRequest END: 200 /api/LogJsError
2026-03-10 05:32:01.108|INF|Web-<Main>$(#242)| 
2026-03-10 05:32:01.111|INF|Web-<Main>$(#243)| App Starting. (Version=0.2.2025.1020)
2026-03-10 05:32:01.302|INF|Microsoft.Hosting.Lifetime| Now listening on: http://localhost:5260
2026-03-10 05:32:01.341|INF|Microsoft.Hosting.Lifetime| Application started. Press Ctrl+C to shut down.
2026-03-10 05:32:01.342|INF|Microsoft.Hosting.Lifetime| Hosting environment: Development
2026-03-10 05:32:01.343|INF|Microsoft.Hosting.Lifetime| Content root path: D:\01-Development\PCKK-KantoHeli\Web
2026-03-10 05:35:17.496|INF|Web-<Main>$(#222)| StaticRequest START: GET / AuthHeaderPresent:False
2026-03-10 05:35:29.674|INF|Web-<Main>$(#224)| StaticRequest END: 200 /
2026-03-10 05:35:29.721|INF|Web-<Main>$(#222)| StaticRequest START: POST /api/LogJsError AuthHeaderPresent:False
2026-03-10 05:35:29.758|WRN|Src.WebAPI.LogJsAPI-LogJsError(#23)| JavaScriptError: Uncaught TypeError: Cannot read properties of null (reading 'addEventListener')  (/ file=http://localhost:5260/js/index.js?v=k0i6qMqgRLUaZeMBoLOKcujwM_JXXeU-OpjNXCoUrfE line=84 col=49 ) (http://localhost:5260/)
2026-03-10 05:35:29.760|WRN|Src.WebAPI.LogJsAPI-LogJsError(#24)|     from:::1 ["Mozilla/5.0 (Windows NT 10.0; Win64; x64) AppleWebKit/537.36 (KHTML, like Gecko) Chrome/145.0.0.0 Safari/537.36"]
2026-03-10 05:35:29.760|INF|Web-<Main>$(#224)| StaticRequest END: 200 /api/LogJsError
2026-03-10 05:35:29.778|INF|Web-<Main>$(#222)| StaticRequest START: GET /favicon.ico AuthHeaderPresent:False
2026-03-10 05:35:29.900|INF|Web-<Main>$(#224)| StaticRequest END: 200 /favicon.ico
2026-03-10 05:39:51.028|INF|Web-<Main>$(#222)| StaticRequest START: GET / AuthHeaderPresent:False
2026-03-10 05:39:51.583|INF|Web-<Main>$(#224)| StaticRequest END: 200 /
2026-03-10 05:39:51.616|INF|Web-<Main>$(#222)| StaticRequest START: POST /api/LogJsError AuthHeaderPresent:False
2026-03-10 05:39:51.629|WRN|Src.WebAPI.LogJsAPI-LogJsError(#23)| JavaScriptError: Uncaught TypeError: Cannot read properties of null (reading 'addEventListener')  (/ file=http://localhost:5260/js/index.js?v=k0i6qMqgRLUaZeMBoLOKcujwM_JXXeU-OpjNXCoUrfE line=84 col=49 ) (http://localhost:5260/)
2026-03-10 05:39:51.629|WRN|Src.WebAPI.LogJsAPI-LogJsError(#24)|     from:::1 ["Mozilla/5.0 (Windows NT 10.0; Win64; x64) AppleWebKit/537.36 (KHTML, like Gecko) Chrome/145.0.0.0 Safari/537.36"]
2026-03-10 05:39:51.630|INF|Web-<Main>$(#224)| StaticRequest END: 200 /api/LogJsError
2026-03-10 05:39:59.645|INF|Web-<Main>$(#222)| StaticRequest START: POST /api/Login AuthHeaderPresent:False
2026-03-10 05:39:59.764|INF|Web-<Main>$(#224)| StaticRequest END: 200 /api/Login
2026-03-10 05:39:59.786|INF|Web-<Main>$(#222)| StaticRequest START: GET / AuthHeaderPresent:False
2026-03-10 05:39:59.838|INF|Web-<Main>$(#224)| StaticRequest END: 200 /
2026-03-10 05:41:18.416|INF|Web-<Main>$(#222)| StaticRequest START: GET / AuthHeaderPresent:False
2026-03-10 05:41:18.520|INF|Web-<Main>$(#224)| StaticRequest END: 200 /
2026-03-10 05:41:18.539|INF|Web-<Main>$(#222)| StaticRequest START: GET /js/index.js?v=3dJhchSZWD8P6eIuZcAWy8sUZv7KAy6Yx3xoRmJOJKE AuthHeaderPresent:False
2026-03-10 05:41:18.540|INF|Web-<Main>$(#224)| StaticRequest END: 200 /js/index.js
2026-03-10 05:41:59.265|INF|Web-<Main>$(#222)| StaticRequest START: GET / AuthHeaderPresent:False
2026-03-10 05:41:59.328|INF|Web-<Main>$(#224)| StaticRequest END: 200 /
2026-03-10 05:41:59.345|INF|Web-<Main>$(#222)| StaticRequest START: GET /js/index.js?v=genJU-C4kUyhTGj9KqaoZzmx8XGkFJNS7uSgeBB985o AuthHeaderPresent:False
2026-03-10 05:41:59.382|INF|Web-<Main>$(#224)| StaticRequest END: 200 /js/index.js
2026-03-10 05:42:34.623|INF|Web-<Main>$(#222)| StaticRequest START: GET / AuthHeaderPresent:False
2026-03-10 05:42:34.684|INF|Web-<Main>$(#224)| StaticRequest END: 200 /
2026-03-10 05:42:34.706|INF|Web-<Main>$(#222)| StaticRequest START: GET /js/index.js?v=D7-U3ZQaw0fgGlOMQN2LNe2akzfHG3yZjGQCAnsRhu8 AuthHeaderPresent:False
2026-03-10 05:42:34.721|INF|Web-<Main>$(#224)| StaticRequest END: 200 /js/index.js
2026-03-10 05:42:38.328|INF|Web-<Main>$(#222)| StaticRequest START: GET /Index_EditModal?id=undefined AuthHeaderPresent:False
2026-03-10 05:42:38.946|INF|Web-<Main>$(#224)| StaticRequest END: 200 /Index_EditModal
2026-03-10 05:44:14.251|INF|Web-<Main>$(#222)| StaticRequest START: GET /Index_EditModal?id=undefined AuthHeaderPresent:False
2026-03-10 05:44:14.278|INF|Web-<Main>$(#224)| StaticRequest END: 200 /Index_EditModal
2026-03-10 05:45:13.371|INF|Web-<Main>$(#222)| StaticRequest START: GET /css/site.css?v=4oH-fQJ2neY-lRuecVh9Pf6Ec6Z8gu-4XKZh_ejUKcQ&__browserLink_refresh=67307e064a284d2c825dfc591b8c114d AuthHeaderPresent:False
2026-03-10 05:45:13.388|INF|Web-<Main>$(#224)| StaticRequest END: 200 /css/site.css
2026-03-10 05:45:22.415|INF|Web-<Main>$(#222)| StaticRequest START: GET / AuthHeaderPresent:False
2026-03-10 05:45:22.659|INF|Web-<Main>$(#224)| StaticRequest END: 200 /
2026-03-10 05:45:22.680|INF|Web-<Main>$(#222)| StaticRequest START: GET /css/site.css?v=Fnh_qAseUz7EAXyEmjqKm4HuhssCJjyugZnCXwe4I4A AuthHeaderPresent:False
2026-03-10 05:45:22.681|INF|Web-<Main>$(#222)| StaticRequest START: GET /js/index.js?v=D7-U3ZQaw0fgGlOMQN2LNe2akzfHG3yZjGQCAnsRhu8 AuthHeaderPresent:False
2026-03-10 05:45:22.683|INF|Web-<Main>$(#224)| StaticRequest END: 200 /css/site.css
2026-03-10 05:45:22.684|INF|Web-<Main>$(#224)| StaticRequest END: 304 /js/index.js
2026-03-10 05:45:26.250|INF|Web-<Main>$(#222)| StaticRequest START: GET /Index_EditModal?id=undefined AuthHeaderPresent:False
2026-03-10 05:45:26.272|INF|Web-<Main>$(#224)| StaticRequest END: 200 /Index_EditModal
2026-03-10 05:46:18.940|INF|Web-<Main>$(#222)| StaticRequest START: GET /css/site.css?v=Fnh_qAseUz7EAXyEmjqKm4HuhssCJjyugZnCXwe4I4A&__browserLink_refresh=b87e862aca9343229543f4bf1523ffce AuthHeaderPresent:False
2026-03-10 05:46:18.953|INF|Web-<Main>$(#224)| StaticRequest END: 200 /css/site.css
2026-03-10 05:46:27.272|INF|Web-<Main>$(#222)| StaticRequest START: GET / AuthHeaderPresent:False
2026-03-10 05:46:27.341|INF|Web-<Main>$(#224)| StaticRequest END: 200 /
2026-03-10 05:46:27.357|INF|Web-<Main>$(#222)| StaticRequest START: GET /css/site.css?v=G6-8VLEdflETH7PKQCHDZhdiCnApi4fSoa8KDRC4roI AuthHeaderPresent:False
2026-03-10 05:46:27.358|INF|Web-<Main>$(#222)| StaticRequest START: GET /js/index.js?v=D7-U3ZQaw0fgGlOMQN2LNe2akzfHG3yZjGQCAnsRhu8 AuthHeaderPresent:False
2026-03-10 05:46:27.359|INF|Web-<Main>$(#224)| StaticRequest END: 304 /js/index.js
2026-03-10 05:46:27.360|INF|Web-<Main>$(#224)| StaticRequest END: 200 /css/site.css
2026-03-10 05:46:50.862|INF|Web-<Main>$(#222)| StaticRequest START: GET /css/site.css?v=G6-8VLEdflETH7PKQCHDZhdiCnApi4fSoa8KDRC4roI&__browserLink_refresh=08fe6d5dee2a474a98f945c2f45c02a2 AuthHeaderPresent:False
2026-03-10 05:46:50.877|INF|Web-<Main>$(#224)| StaticRequest END: 200 /css/site.css
2026-03-10 05:46:53.643|INF|Web-<Main>$(#222)| StaticRequest START: GET /css/site.css?v=G6-8VLEdflETH7PKQCHDZhdiCnApi4fSoa8KDRC4roI&__browserLink_refresh=c7e0b445fa044c288f61a3ba62fad9e9 AuthHeaderPresent:False
2026-03-10 05:46:53.646|INF|Web-<Main>$(#224)| StaticRequest END: 200 /css/site.css
2026-03-10 05:47:16.457|INF|Web-<Main>$(#222)| StaticRequest START: GET /css/site.css?v=G6-8VLEdflETH7PKQCHDZhdiCnApi4fSoa8KDRC4roI&__browserLink_refresh=6c81c441b33247e08e13f596c0c26c48 AuthHeaderPresent:False
2026-03-10 05:47:16.471|INF|Web-<Main>$(#224)| StaticRequest END: 200 /css/site.css
2026-03-10 05:48:51.372|INF|Web-<Main>$(#222)| StaticRequest START: GET /Main/56 AuthHeaderPresent:False
2026-03-10 05:48:52.181|INF|Web-<Main>$(#224)| StaticRequest END: 200 /Main/56
2026-03-10 05:48:52.196|INF|Web-<Main>$(#222)| StaticRequest START: GET /lib/openlayers/ol.min.css AuthHeaderPresent:False
2026-03-10 05:48:52.196|INF|Web-<Main>$(#222)| StaticRequest START: GET /lib/bootstrap-multiselect/css/bootstrap-multiselect.min.css AuthHeaderPresent:False
2026-03-10 05:48:52.197|INF|Web-<Main>$(#222)| StaticRequest START: GET /lib/openlayers/dist/ol.js AuthHeaderPresent:False
2026-03-10 05:48:52.200|INF|Web-<Main>$(#224)| StaticRequest END: 200 /lib/openlayers/ol.min.css
2026-03-10 05:48:52.204|INF|Web-<Main>$(#222)| StaticRequest START: GET /css/site.css?v=tPKQCfoW8WfmkY-RpHRAN4MxxuKqpJFVOxyjQ6BWVrQ AuthHeaderPresent:False
2026-03-10 05:48:52.214|INF|Web-<Main>$(#224)| StaticRequest END: 200 /css/site.css
2026-03-10 05:48:52.216|INF|Web-<Main>$(#222)| StaticRequest START: GET /css/main/index.css?v=2nAz5B5LAbpqirfu1LpowUJVQG5ux_XfXcp0SioCuDI AuthHeaderPresent:False
2026-03-10 05:48:52.224|INF|Web-<Main>$(#222)| StaticRequest START: GET /js/main/index.js?v=fEBNy9KuXlDmFKqp46V1MruEBKiZGCUSBxoDztqgzeI AuthHeaderPresent:False
2026-03-10 05:48:52.238|INF|Web-<Main>$(#224)| StaticRequest END: 200 /js/main/index.js
2026-03-10 05:48:52.239|INF|Web-<Main>$(#224)| StaticRequest END: 200 /css/main/index.css
2026-03-10 05:48:52.241|INF|Web-<Main>$(#224)| StaticRequest END: 200 /lib/bootstrap-multiselect/css/bootstrap-multiselect.min.css
2026-03-10 05:48:52.243|INF|Web-<Main>$(#222)| StaticRequest START: GET /js/_map.js?v=ALLANm3IcqM_HIsJo6-2w9uBxuaAnqD3xYTWEZNTgxI AuthHeaderPresent:False
2026-03-10 05:48:52.244|INF|Web-<Main>$(#222)| StaticRequest START: GET /lib/bootstrap-multiselect/js/bootstrap-multiselect.min.js AuthHeaderPresent:False
2026-03-10 05:48:52.245|INF|Web-<Main>$(#222)| StaticRequest START: GET /lib/jquery/jquery.min.js AuthHeaderPresent:False
2026-03-10 05:48:52.257|INF|Web-<Main>$(#222)| StaticRequest START: GET /js/main/kp/kpManager.js AuthHeaderPresent:False
2026-03-10 05:48:52.262|INF|Web-<Main>$(#224)| StaticRequest END: 200 /js/_map.js
2026-03-10 05:48:52.264|INF|Web-<Main>$(#222)| StaticRequest START: GET /js/main/distance/Measure.js AuthHeaderPresent:False
2026-03-10 05:48:52.266|INF|Web-<Main>$(#222)| StaticRequest START: GET /js/main/tabs/Capital.js AuthHeaderPresent:False
2026-03-10 05:48:52.285|INF|Web-<Main>$(#224)| StaticRequest END: 200 /js/main/distance/Measure.js
2026-03-10 05:48:52.287|INF|Web-<Main>$(#222)| StaticRequest START: GET /js/main/leftMenuManager.js AuthHeaderPresent:False
2026-03-10 05:48:52.297|INF|Web-<Main>$(#224)| StaticRequest END: 200 /lib/bootstrap-multiselect/js/bootstrap-multiselect.min.js
2026-03-10 05:48:52.298|INF|Web-<Main>$(#224)| StaticRequest END: 200 /js/main/kp/kpManager.js
2026-03-10 05:48:52.298|INF|Web-<Main>$(#224)| StaticRequest END: 200 /js/main/tabs/Capital.js
2026-03-10 05:48:52.298|INF|Web-<Main>$(#222)| StaticRequest START: GET /js/main/tabs/InvestigationRequestStatus.js AuthHeaderPresent:False
2026-03-10 05:48:52.312|INF|Web-<Main>$(#222)| StaticRequest START: GET /js/main/tabs/CreateRoute.js AuthHeaderPresent:False
2026-03-10 05:48:52.314|INF|Web-<Main>$(#224)| StaticRequest END: 200 /js/main/leftMenuManager.js
2026-03-10 05:48:52.315|INF|Web-<Main>$(#224)| StaticRequest END: 200 /js/main/tabs/InvestigationRequestStatus.js
2026-03-10 05:48:52.349|INF|Web-<Main>$(#224)| StaticRequest END: 200 /lib/jquery/jquery.min.js
2026-03-10 05:48:52.356|INF|Web-<Main>$(#224)| StaticRequest END: 200 /js/main/tabs/CreateRoute.js
2026-03-10 05:48:52.415|INF|Web-<Main>$(#224)| StaticRequest END: 200 /lib/openlayers/dist/ol.js
2026-03-10 05:48:52.490|INF|Web-<Main>$(#222)| StaticRequest START: GET /Main/56?Handler=Features& AuthHeaderPresent:False
2026-03-10 05:48:52.490|INF|Web-<Main>$(#222)| StaticRequest START: GET /files/earthquake/61.geojson.gz AuthHeaderPresent:False
2026-03-10 05:48:52.491|INF|Web-<Main>$(#222)| StaticRequest START: GET /Main/56?Handler=SurveyRequest&id=174 AuthHeaderPresent:False
2026-03-10 05:48:52.491|INF|Web-<Main>$(#222)| StaticRequest START: GET /Main/56?Handler=SurveyRouteList AuthHeaderPresent:False
2026-03-10 05:48:52.492|INF|Web-<Main>$(#222)| StaticRequest START: GET /Main/56?Handler=InitialPlan&tempid= AuthHeaderPresent:False
2026-03-10 05:48:52.492|INF|Web-<Main>$(#224)| StaticRequest END: 404 /files/earthquake/61.geojson.gz
2026-03-10 05:48:52.497|WRN|Web-<Main>$(#193)| HTTPERROR: NotFound GET /files/earthquake/61.geojson.gz  from:::1 ["Mozilla/5.0 (Windows NT 10.0; Win64; x64) AppleWebKit/537.36 (KHTML, like Gecko) Chrome/145.0.0.0 Safari/537.36"]
2026-03-10 05:48:52.527|INF|Web-<Main>$(#222)| StaticRequest START: POST /api/LogJsError AuthHeaderPresent:False
2026-03-10 05:48:52.530|WRN|Src.WebAPI.LogJsAPI-LogJsError(#23)| JavaScriptError: Error: HTTP 404  (/Main/56 in Promise) (http://localhost:5260/Main/56)
2026-03-10 05:48:52.530|WRN|Src.WebAPI.LogJsAPI-LogJsError(#24)|     from:::1 ["Mozilla/5.0 (Windows NT 10.0; Win64; x64) AppleWebKit/537.36 (KHTML, like Gecko) Chrome/145.0.0.0 Safari/537.36"]
2026-03-10 05:48:52.530|INF|Web-<Main>$(#224)| StaticRequest END: 200 /api/LogJsError
2026-03-10 05:48:52.571|INF|Web-<Main>$(#224)| StaticRequest END: 200 /Main/56
2026-03-10 05:48:52.597|INF|Web-<Main>$(#224)| StaticRequest END: 200 /Main/56
2026-03-10 05:48:52.642|INF|Web-<Main>$(#224)| StaticRequest END: 200 /Main/56
2026-03-10 05:48:52.645|INF|Web-<Main>$(#222)| StaticRequest START: GET /Main/56?Handler=InitialRoute&route=10102 AuthHeaderPresent:False
2026-03-10 05:48:52.722|INF|Web-<Main>$(#224)| StaticRequest END: 200 /Main/56
2026-03-10 05:48:52.737|INF|Web-<Main>$(#224)| StaticRequest END: 200 /Main/56
2026-03-10 05:48:52.751|INF|Web-<Main>$(#222)| StaticRequest START: POST /Main/56?Handler=Plan AuthHeaderPresent:False
2026-03-10 05:48:52.764|INF|Web-<Main>$(#224)| StaticRequest END: 400 /Main/56
2026-03-10 05:48:52.764|WRN|Web-<Main>$(#193)| HTTPERROR: BadRequest POST /Main/56?Handler=Plan  from:::1 ["Mozilla/5.0 (Windows NT 10.0; Win64; x64) AppleWebKit/537.36 (KHTML, like Gecko) Chrome/145.0.0.0 Safari/537.36"]
2026-03-10 05:48:58.813|INF|Web-<Main>$(#222)| StaticRequest START: GET /css/site.css?v=tPKQCfoW8WfmkY-RpHRAN4MxxuKqpJFVOxyjQ6BWVrQ AuthHeaderPresent:False
2026-03-10 05:48:58.813|INF|Web-<Main>$(#224)| StaticRequest END: 304 /css/site.css
2026-03-10 05:48:58.825|INF|Web-<Main>$(#222)| StaticRequest START: GET /.well-known/appspecific/com.chrome.devtools.json AuthHeaderPresent:False
2026-03-10 05:48:58.826|INF|Web-<Main>$(#224)| StaticRequest END: 404 /.well-known/appspecific/com.chrome.devtools.json
2026-03-10 05:48:58.826|WRN|Web-<Main>$(#193)| HTTPERROR: NotFound GET /.well-known/appspecific/com.chrome.devtools.json  from:::1 ["Mozilla/5.0 (Windows NT 10.0; Win64; x64) AppleWebKit/537.36 (KHTML, like Gecko) Chrome/145.0.0.0 Safari/537.36"]
2026-03-10 05:48:58.954|INF|Web-<Main>$(#222)| StaticRequest START: GET /lib/bootstrap.bundle.min.js.map AuthHeaderPresent:False
2026-03-10 05:48:58.974|INF|Web-<Main>$(#222)| StaticRequest START: GET /lib/openlayers/dist/ol.js.map AuthHeaderPresent:False
2026-03-10 05:48:58.981|INF|Web-<Main>$(#224)| StaticRequest END: 200 /lib/bootstrap.bundle.min.js.map
2026-03-10 05:48:58.994|INF|Web-<Main>$(#222)| StaticRequest START: GET /css/bootstrap_customize.css.map AuthHeaderPresent:False
2026-03-10 05:48:59.010|INF|Web-<Main>$(#224)| StaticRequest END: 200 /css/bootstrap_customize.css.map
2026-03-10 05:48:59.022|INF|Web-<Main>$(#224)| StaticRequest END: 200 /lib/openlayers/dist/ol.js.map
2026-03-10 05:54:38.129|INF|Web-<Main>$(#222)| StaticRequest START: GET /Main/56 AuthHeaderPresent:False
2026-03-10 05:54:38.243|INF|Web-<Main>$(#224)| StaticRequest END: 200 /Main/56
2026-03-10 05:54:38.278|INF|Web-<Main>$(#222)| StaticRequest START: GET /css/site.css?v=tPKQCfoW8WfmkY-RpHRAN4MxxuKqpJFVOxyjQ6BWVrQ AuthHeaderPresent:False
2026-03-10 05:54:38.278|INF|Web-<Main>$(#224)| StaticRequest END: 304 /css/site.css
2026-03-10 05:54:38.328|INF|Web-<Main>$(#222)| StaticRequest START: GET /.well-known/appspecific/com.chrome.devtools.json AuthHeaderPresent:False
2026-03-10 05:54:38.328|INF|Web-<Main>$(#224)| StaticRequest END: 404 /.well-known/appspecific/com.chrome.devtools.json
2026-03-10 05:54:38.328|WRN|Web-<Main>$(#193)| HTTPERROR: NotFound GET /.well-known/appspecific/com.chrome.devtools.json  from:::1 ["Mozilla/5.0 (Windows NT 10.0; Win64; x64) AppleWebKit/537.36 (KHTML, like Gecko) Chrome/145.0.0.0 Safari/537.36"]
2026-03-10 05:54:38.407|INF|Web-<Main>$(#222)| StaticRequest START: GET /files/earthquake/61.geojson.gz AuthHeaderPresent:False
2026-03-10 05:54:38.407|INF|Web-<Main>$(#222)| StaticRequest START: GET /Main/56?Handler=Features& AuthHeaderPresent:False
2026-03-10 05:54:38.408|INF|Web-<Main>$(#224)| StaticRequest END: 404 /files/earthquake/61.geojson.gz
2026-03-10 05:54:38.408|WRN|Web-<Main>$(#193)| HTTPERROR: NotFound GET /files/earthquake/61.geojson.gz  from:::1 ["Mozilla/5.0 (Windows NT 10.0; Win64; x64) AppleWebKit/537.36 (KHTML, like Gecko) Chrome/145.0.0.0 Safari/537.36"]
2026-03-10 05:54:38.414|INF|Web-<Main>$(#222)| StaticRequest START: GET /Main/56?Handler=SurveyRequest&id=174 AuthHeaderPresent:False
2026-03-10 05:54:38.418|INF|Web-<Main>$(#222)| StaticRequest START: GET /Main/56?Handler=SurveyRouteList AuthHeaderPresent:False
2026-03-10 05:54:38.418|INF|Web-<Main>$(#224)| StaticRequest END: 200 /Main/56
2026-03-10 05:54:38.418|INF|Web-<Main>$(#222)| StaticRequest START: GET /Main/56?Handler=InitialPlan&tempid= AuthHeaderPresent:False
2026-03-10 05:54:38.452|INF|Web-<Main>$(#222)| StaticRequest START: POST /api/LogJsError AuthHeaderPresent:False
2026-03-10 05:54:38.453|WRN|Src.WebAPI.LogJsAPI-LogJsError(#23)| JavaScriptError: Error: HTTP 404  (/Main/56 in Promise) (http://localhost:5260/Main/56)
2026-03-10 05:54:38.453|WRN|Src.WebAPI.LogJsAPI-LogJsError(#24)|     from:::1 ["Mozilla/5.0 (Windows NT 10.0; Win64; x64) AppleWebKit/537.36 (KHTML, like Gecko) Chrome/145.0.0.0 Safari/537.36"]
2026-03-10 05:54:38.454|INF|Web-<Main>$(#224)| StaticRequest END: 200 /api/LogJsError
2026-03-10 05:54:38.459|INF|Web-<Main>$(#224)| StaticRequest END: 200 /Main/56
2026-03-10 05:54:38.489|INF|Web-<Main>$(#222)| StaticRequest START: GET /Main/56?Handler=InitialRoute&route=10102 AuthHeaderPresent:False
2026-03-10 05:54:38.492|INF|Web-<Main>$(#224)| StaticRequest END: 200 /Main/56
2026-03-10 05:54:38.500|INF|Web-<Main>$(#224)| StaticRequest END: 200 /Main/56
2026-03-10 05:54:38.508|INF|Web-<Main>$(#224)| StaticRequest END: 200 /Main/56
2026-03-10 05:54:38.538|INF|Web-<Main>$(#222)| StaticRequest START: POST /Main/56?Handler=Plan AuthHeaderPresent:False
2026-03-10 05:54:38.539|INF|Web-<Main>$(#224)| StaticRequest END: 400 /Main/56
2026-03-10 05:54:38.539|WRN|Web-<Main>$(#193)| HTTPERROR: BadRequest POST /Main/56?Handler=Plan  from:::1 ["Mozilla/5.0 (Windows NT 10.0; Win64; x64) AppleWebKit/537.36 (KHTML, like Gecko) Chrome/145.0.0.0 Safari/537.36"]
2026-03-10 05:55:03.228|INF|Web-<Main>$(#222)| StaticRequest START: GET /Main/56 AuthHeaderPresent:False
2026-03-10 05:55:03.292|INF|Web-<Main>$(#224)| StaticRequest END: 200 /Main/56
2026-03-10 05:55:03.348|INF|Web-<Main>$(#222)| StaticRequest START: GET /.well-known/appspecific/com.chrome.devtools.json AuthHeaderPresent:False
2026-03-10 05:55:03.348|INF|Web-<Main>$(#224)| StaticRequest END: 404 /.well-known/appspecific/com.chrome.devtools.json
2026-03-10 05:55:03.348|WRN|Web-<Main>$(#193)| HTTPERROR: NotFound GET /.well-known/appspecific/com.chrome.devtools.json  from:::1 ["Mozilla/5.0 (Windows NT 10.0; Win64; x64) AppleWebKit/537.36 (KHTML, like Gecko) Chrome/145.0.0.0 Safari/537.36"]
2026-03-10 05:55:03.372|INF|Web-<Main>$(#222)| StaticRequest START: GET /files/earthquake/61.geojson.gz AuthHeaderPresent:False
2026-03-10 05:55:03.372|INF|Web-<Main>$(#222)| StaticRequest START: GET /Main/56?Handler=Features& AuthHeaderPresent:False
2026-03-10 05:55:03.372|INF|Web-<Main>$(#224)| StaticRequest END: 404 /files/earthquake/61.geojson.gz
2026-03-10 05:55:03.372|WRN|Web-<Main>$(#193)| HTTPERROR: NotFound GET /files/earthquake/61.geojson.gz  from:::1 ["Mozilla/5.0 (Windows NT 10.0; Win64; x64) AppleWebKit/537.36 (KHTML, like Gecko) Chrome/145.0.0.0 Safari/537.36"]
2026-03-10 05:55:03.375|INF|Web-<Main>$(#222)| StaticRequest START: GET /Main/56?Handler=SurveyRequest&id=174 AuthHeaderPresent:False
2026-03-10 05:55:03.377|INF|Web-<Main>$(#222)| StaticRequest START: GET /Main/56?Handler=SurveyRouteList AuthHeaderPresent:False
2026-03-10 05:55:03.377|INF|Web-<Main>$(#224)| StaticRequest END: 200 /Main/56
2026-03-10 05:55:03.377|INF|Web-<Main>$(#222)| StaticRequest START: GET /Main/56?Handler=InitialPlan&tempid= AuthHeaderPresent:False
2026-03-10 05:55:03.404|INF|Web-<Main>$(#222)| StaticRequest START: POST /api/LogJsError AuthHeaderPresent:False
2026-03-10 05:55:03.434|WRN|Src.WebAPI.LogJsAPI-LogJsError(#23)| JavaScriptError: Error: HTTP 404  (/Main/56 in Promise) (http://localhost:5260/Main/56)
2026-03-10 05:55:03.434|WRN|Src.WebAPI.LogJsAPI-LogJsError(#24)|     from:::1 ["Mozilla/5.0 (Windows NT 10.0; Win64; x64) AppleWebKit/537.36 (KHTML, like Gecko) Chrome/145.0.0.0 Safari/537.36"]
2026-03-10 05:55:03.434|INF|Web-<Main>$(#224)| StaticRequest END: 200 /api/LogJsError
2026-03-10 05:55:03.440|INF|Web-<Main>$(#224)| StaticRequest END: 200 /Main/56
2026-03-10 05:55:03.444|INF|Web-<Main>$(#224)| StaticRequest END: 200 /Main/56
2026-03-10 05:55:03.444|INF|Web-<Main>$(#224)| StaticRequest END: 200 /Main/56
2026-03-10 05:55:03.462|INF|Web-<Main>$(#222)| StaticRequest START: GET /Main/56?Handler=InitialRoute&route=10102 AuthHeaderPresent:False
2026-03-10 05:55:03.473|INF|Web-<Main>$(#222)| StaticRequest START: POST /Main/56?Handler=Plan AuthHeaderPresent:False
2026-03-10 05:55:03.474|INF|Web-<Main>$(#224)| StaticRequest END: 200 /Main/56
2026-03-10 05:55:03.475|INF|Web-<Main>$(#224)| StaticRequest END: 400 /Main/56
2026-03-10 05:55:03.475|WRN|Web-<Main>$(#193)| HTTPERROR: BadRequest POST /Main/56?Handler=Plan  from:::1 ["Mozilla/5.0 (Windows NT 10.0; Win64; x64) AppleWebKit/537.36 (KHTML, like Gecko) Chrome/145.0.0.0 Safari/537.36"]
2026-03-10 05:57:16.486|INF|Web-<Main>$(#222)| StaticRequest START: GET /Main/56 AuthHeaderPresent:False
2026-03-10 05:57:16.538|INF|Web-<Main>$(#224)| StaticRequest END: 200 /Main/56
2026-03-10 05:57:16.567|INF|Web-<Main>$(#222)| StaticRequest START: GET /css/site.css?v=tPKQCfoW8WfmkY-RpHRAN4MxxuKqpJFVOxyjQ6BWVrQ AuthHeaderPresent:False
2026-03-10 05:57:16.567|INF|Web-<Main>$(#224)| StaticRequest END: 304 /css/site.css
2026-03-10 05:57:16.616|INF|Web-<Main>$(#222)| StaticRequest START: GET /.well-known/appspecific/com.chrome.devtools.json AuthHeaderPresent:False
2026-03-10 05:57:16.617|INF|Web-<Main>$(#224)| StaticRequest END: 404 /.well-known/appspecific/com.chrome.devtools.json
2026-03-10 05:57:16.617|WRN|Web-<Main>$(#193)| HTTPERROR: NotFound GET /.well-known/appspecific/com.chrome.devtools.json  from:::1 ["Mozilla/5.0 (Windows NT 10.0; Win64; x64) AppleWebKit/537.36 (KHTML, like Gecko) Chrome/145.0.0.0 Safari/537.36"]
2026-03-10 05:57:16.640|INF|Web-<Main>$(#222)| StaticRequest START: GET /files/earthquake/61.geojson.gz AuthHeaderPresent:False
2026-03-10 05:57:16.640|INF|Web-<Main>$(#222)| StaticRequest START: GET /Main/56?Handler=Features& AuthHeaderPresent:False
2026-03-10 05:57:16.641|INF|Web-<Main>$(#224)| StaticRequest END: 404 /files/earthquake/61.geojson.gz
2026-03-10 05:57:16.641|WRN|Web-<Main>$(#193)| HTTPERROR: NotFound GET /files/earthquake/61.geojson.gz  from:::1 ["Mozilla/5.0 (Windows NT 10.0; Win64; x64) AppleWebKit/537.36 (KHTML, like Gecko) Chrome/145.0.0.0 Safari/537.36"]
2026-03-10 05:57:16.643|INF|Web-<Main>$(#222)| StaticRequest START: GET /Main/56?Handler=SurveyRequest&id=174 AuthHeaderPresent:False
2026-03-10 05:57:16.645|INF|Web-<Main>$(#224)| StaticRequest END: 200 /Main/56
2026-03-10 05:57:16.646|INF|Web-<Main>$(#222)| StaticRequest START: GET /Main/56?Handler=SurveyRouteList AuthHeaderPresent:False
2026-03-10 05:57:16.646|INF|Web-<Main>$(#222)| StaticRequest START: GET /Main/56?Handler=InitialPlan&tempid= AuthHeaderPresent:False
2026-03-10 05:57:16.676|INF|Web-<Main>$(#222)| StaticRequest START: POST /api/LogJsError AuthHeaderPresent:False
2026-03-10 05:57:16.680|WRN|Src.WebAPI.LogJsAPI-LogJsError(#23)| JavaScriptError: Error: HTTP 404  (/Main/56 in Promise) (http://localhost:5260/Main/56)
2026-03-10 05:57:16.680|WRN|Src.WebAPI.LogJsAPI-LogJsError(#24)|     from:::1 ["Mozilla/5.0 (Windows NT 10.0; Win64; x64) AppleWebKit/537.36 (KHTML, like Gecko) Chrome/145.0.0.0 Safari/537.36"]
2026-03-10 05:57:16.680|INF|Web-<Main>$(#224)| StaticRequest END: 200 /api/LogJsError
2026-03-10 05:57:16.703|INF|Web-<Main>$(#224)| StaticRequest END: 200 /Main/56
2026-03-10 05:57:16.707|INF|Web-<Main>$(#224)| StaticRequest END: 200 /Main/56
2026-03-10 05:57:16.711|INF|Web-<Main>$(#224)| StaticRequest END: 200 /Main/56
2026-03-10 05:57:16.731|INF|Web-<Main>$(#222)| StaticRequest START: POST /Main/56?Handler=Plan AuthHeaderPresent:False
2026-03-10 05:57:16.732|INF|Web-<Main>$(#224)| StaticRequest END: 400 /Main/56
2026-03-10 05:57:16.732|WRN|Web-<Main>$(#193)| HTTPERROR: BadRequest POST /Main/56?Handler=Plan  from:::1 ["Mozilla/5.0 (Windows NT 10.0; Win64; x64) AppleWebKit/537.36 (KHTML, like Gecko) Chrome/145.0.0.0 Safari/537.36"]
2026-03-10 05:57:16.742|INF|Web-<Main>$(#222)| StaticRequest START: GET /Main/56?Handler=InitialRoute&route=10102 AuthHeaderPresent:False
2026-03-10 05:57:16.753|INF|Web-<Main>$(#224)| StaticRequest END: 200 /Main/56
2026-03-10 05:57:34.260|INF|Web-<Main>$(#222)| StaticRequest START: GET /Main/56 AuthHeaderPresent:False
2026-03-10 05:57:34.326|INF|Web-<Main>$(#224)| StaticRequest END: 200 /Main/56
2026-03-10 05:57:34.387|INF|Web-<Main>$(#222)| StaticRequest START: GET /.well-known/appspecific/com.chrome.devtools.json AuthHeaderPresent:False
2026-03-10 05:57:34.388|INF|Web-<Main>$(#224)| StaticRequest END: 404 /.well-known/appspecific/com.chrome.devtools.json
2026-03-10 05:57:34.388|WRN|Web-<Main>$(#193)| HTTPERROR: NotFound GET /.well-known/appspecific/com.chrome.devtools.json  from:::1 ["Mozilla/5.0 (Windows NT 10.0; Win64; x64) AppleWebKit/537.36 (KHTML, like Gecko) Chrome/145.0.0.0 Safari/537.36"]
2026-03-10 05:57:34.428|INF|Web-<Main>$(#222)| StaticRequest START: GET /files/earthquake/61.geojson.gz AuthHeaderPresent:False
2026-03-10 05:57:34.429|INF|Web-<Main>$(#224)| StaticRequest END: 404 /files/earthquake/61.geojson.gz
2026-03-10 05:57:34.429|WRN|Web-<Main>$(#193)| HTTPERROR: NotFound GET /files/earthquake/61.geojson.gz  from:::1 ["Mozilla/5.0 (Windows NT 10.0; Win64; x64) AppleWebKit/537.36 (KHTML, like Gecko) Chrome/145.0.0.0 Safari/537.36"]
2026-03-10 05:57:34.429|INF|Web-<Main>$(#222)| StaticRequest START: GET /Main/56?Handler=Features& AuthHeaderPresent:False
2026-03-10 05:57:34.433|INF|Web-<Main>$(#222)| StaticRequest START: GET /Main/56?Handler=SurveyRequest&id=174 AuthHeaderPresent:False
2026-03-10 05:57:34.433|INF|Web-<Main>$(#222)| StaticRequest START: GET /Main/56?Handler=SurveyRouteList AuthHeaderPresent:False
2026-03-10 05:57:34.433|INF|Web-<Main>$(#222)| StaticRequest START: GET /Main/56?Handler=InitialPlan&tempid= AuthHeaderPresent:False
2026-03-10 05:57:34.461|INF|Web-<Main>$(#222)| StaticRequest START: POST /api/LogJsError AuthHeaderPresent:False
2026-03-10 05:57:34.461|INF|Web-<Main>$(#224)| StaticRequest END: 200 /Main/56
2026-03-10 05:57:34.476|WRN|Src.WebAPI.LogJsAPI-LogJsError(#23)| JavaScriptError: Error: HTTP 404  (/Main/56 in Promise) (http://localhost:5260/Main/56)
2026-03-10 05:57:34.476|WRN|Src.WebAPI.LogJsAPI-LogJsError(#24)|     from:::1 ["Mozilla/5.0 (Windows NT 10.0; Win64; x64) AppleWebKit/537.36 (KHTML, like Gecko) Chrome/145.0.0.0 Safari/537.36"]
2026-03-10 05:57:34.476|INF|Web-<Main>$(#224)| StaticRequest END: 200 /api/LogJsError
2026-03-10 05:57:34.477|INF|Web-<Main>$(#224)| StaticRequest END: 200 /Main/56
2026-03-10 05:57:34.482|INF|Web-<Main>$(#224)| StaticRequest END: 200 /Main/56
2026-03-10 05:57:34.484|INF|Web-<Main>$(#224)| StaticRequest END: 200 /Main/56
2026-03-10 05:57:34.495|INF|Web-<Main>$(#222)| StaticRequest START: POST /Main/56?Handler=Plan AuthHeaderPresent:False
2026-03-10 05:57:34.496|INF|Web-<Main>$(#224)| StaticRequest END: 400 /Main/56
2026-03-10 05:57:34.496|WRN|Web-<Main>$(#193)| HTTPERROR: BadRequest POST /Main/56?Handler=Plan  from:::1 ["Mozilla/5.0 (Windows NT 10.0; Win64; x64) AppleWebKit/537.36 (KHTML, like Gecko) Chrome/145.0.0.0 Safari/537.36"]
2026-03-10 05:57:34.522|INF|Web-<Main>$(#222)| StaticRequest START: GET /Main/56?Handler=InitialRoute&route=10102 AuthHeaderPresent:False
2026-03-10 05:57:34.534|INF|Web-<Main>$(#224)| StaticRequest END: 200 /Main/56
2026-03-10 05:59:59.600|INF|Web-<Main>$(#222)| StaticRequest START: GET /css/site.css?v=tPKQCfoW8WfmkY-RpHRAN4MxxuKqpJFVOxyjQ6BWVrQ AuthHeaderPresent:False
2026-03-10 05:59:59.602|INF|Web-<Main>$(#224)| StaticRequest END: 304 /css/site.css
2026-03-10 05:59:59.639|INF|Web-<Main>$(#222)| StaticRequest START: GET /.well-known/appspecific/com.chrome.devtools.json AuthHeaderPresent:False
2026-03-10 05:59:59.639|INF|Web-<Main>$(#224)| StaticRequest END: 404 /.well-known/appspecific/com.chrome.devtools.json
2026-03-10 05:59:59.640|WRN|Web-<Main>$(#193)| HTTPERROR: NotFound GET /.well-known/appspecific/com.chrome.devtools.json  from:::1 ["Mozilla/5.0 (Windows NT 10.0; Win64; x64) AppleWebKit/537.36 (KHTML, like Gecko) Chrome/145.0.0.0 Safari/537.36"]
2026-03-10 06:00:27.208|INF|Web-<Main>$(#222)| StaticRequest START: GET /Main/56 AuthHeaderPresent:False
2026-03-10 06:00:27.312|INF|Web-<Main>$(#224)| StaticRequest END: 200 /Main/56
2026-03-10 06:00:27.338|INF|Web-<Main>$(#222)| StaticRequest START: GET /css/bootstrap_customize.css?v=KGpvL7QlsQGUPqqd3FCgMkjIHYbwULQrfvjb5h6qRaI AuthHeaderPresent:False
2026-03-10 06:00:27.344|INF|Web-<Main>$(#222)| StaticRequest START: GET /lib/openlayers/ol.min.css AuthHeaderPresent:False
2026-03-10 06:00:27.355|INF|Web-<Main>$(#222)| StaticRequest START: GET /lib/bootstrap.bundle.min.js AuthHeaderPresent:False
2026-03-10 06:00:27.355|INF|Web-<Main>$(#222)| StaticRequest START: GET /lib/bootstrap-icons/font/bootstrap-icons.css AuthHeaderPresent:False
2026-03-10 06:00:27.397|INF|Web-<Main>$(#224)| StaticRequest END: 200 /lib/bootstrap.bundle.min.js
2026-03-10 06:00:27.397|INF|Web-<Main>$(#222)| StaticRequest START: GET /lib/bootstrap-multiselect/css/bootstrap-multiselect.min.css AuthHeaderPresent:False
2026-03-10 06:00:27.404|INF|Web-<Main>$(#222)| StaticRequest START: GET /css/main/index.css?v=2nAz5B5LAbpqirfu1LpowUJVQG5ux_XfXcp0SioCuDI AuthHeaderPresent:False
2026-03-10 06:00:27.407|INF|Web-<Main>$(#222)| StaticRequest START: GET /css/site.css?v=tPKQCfoW8WfmkY-RpHRAN4MxxuKqpJFVOxyjQ6BWVrQ AuthHeaderPresent:False
2026-03-10 06:00:27.407|INF|Web-<Main>$(#224)| StaticRequest END: 200 /lib/bootstrap-icons/font/bootstrap-icons.css
2026-03-10 06:00:27.414|INF|Web-<Main>$(#222)| StaticRequest START: GET /js/main/index.js?v=fEBNy9KuXlDmFKqp46V1MruEBKiZGCUSBxoDztqgzeI AuthHeaderPresent:False
2026-03-10 06:00:27.414|INF|Web-<Main>$(#224)| StaticRequest END: 200 /lib/openlayers/ol.min.css
2026-03-10 06:00:27.416|INF|Web-<Main>$(#224)| StaticRequest END: 200 /css/bootstrap_customize.css
2026-03-10 06:00:27.417|INF|Web-<Main>$(#222)| StaticRequest START: GET /.well-known/appspecific/com.chrome.devtools.json AuthHeaderPresent:False
2026-03-10 06:00:27.418|INF|Web-<Main>$(#224)| StaticRequest END: 200 /css/main/index.css
2026-03-10 06:00:27.418|INF|Web-<Main>$(#222)| StaticRequest START: GET /Logo_of_MLIT.svg AuthHeaderPresent:False
2026-03-10 06:00:27.418|INF|Web-<Main>$(#224)| StaticRequest END: 200 /lib/bootstrap-multiselect/css/bootstrap-multiselect.min.css
2026-03-10 06:00:27.418|INF|Web-<Main>$(#224)| StaticRequest END: 404 /.well-known/appspecific/com.chrome.devtools.json
2026-03-10 06:00:27.419|WRN|Web-<Main>$(#193)| HTTPERROR: NotFound GET /.well-known/appspecific/com.chrome.devtools.json  from:::1 ["Mozilla/5.0 (Windows NT 10.0; Win64; x64) AppleWebKit/537.36 (KHTML, like Gecko) Chrome/145.0.0.0 Safari/537.36"]
2026-03-10 06:00:27.419|INF|Web-<Main>$(#224)| StaticRequest END: 200 /css/site.css
2026-03-10 06:00:27.420|INF|Web-<Main>$(#224)| StaticRequest END: 200 /js/main/index.js
2026-03-10 06:00:27.442|INF|Web-<Main>$(#222)| StaticRequest START: GET /lib/bootstrap-multiselect/js/bootstrap-multiselect.min.js AuthHeaderPresent:False
2026-03-10 06:00:27.442|INF|Web-<Main>$(#222)| StaticRequest START: GET /js/site.js?v=4sTm-IDD5KS9oFF3-l8M7gGaqqtaBZGON5OTsqAQwTU AuthHeaderPresent:False
2026-03-10 06:00:27.444|INF|Web-<Main>$(#222)| StaticRequest START: GET /lib/jquery/jquery.min.js AuthHeaderPresent:False
2026-03-10 06:00:27.444|INF|Web-<Main>$(#222)| StaticRequest START: GET /js/_map.js?v=ALLANm3IcqM_HIsJo6-2w9uBxuaAnqD3xYTWEZNTgxI AuthHeaderPresent:False
2026-03-10 06:00:27.460|INF|Web-<Main>$(#224)| StaticRequest END: 200 /Logo_of_MLIT.svg
2026-03-10 06:00:27.482|INF|Web-<Main>$(#224)| StaticRequest END: 200 /js/site.js
2026-03-10 06:00:27.482|INF|Web-<Main>$(#224)| StaticRequest END: 200 /lib/bootstrap-multiselect/js/bootstrap-multiselect.min.js
2026-03-10 06:00:27.483|INF|Web-<Main>$(#222)| StaticRequest START: GET /lib/openlayers/dist/ol.js AuthHeaderPresent:False
2026-03-10 06:00:27.483|INF|Web-<Main>$(#224)| StaticRequest END: 200 /js/_map.js
2026-03-10 06:00:27.484|INF|Web-<Main>$(#224)| StaticRequest END: 200 /lib/jquery/jquery.min.js
2026-03-10 06:00:27.486|INF|Web-<Main>$(#222)| StaticRequest START: GET /js/main/distance/Measure.js AuthHeaderPresent:False
2026-03-10 06:00:27.493|INF|Web-<Main>$(#222)| StaticRequest START: GET /lib/bootstrap-icons/font/fonts/bootstrap-icons.woff2?e34853135f9e39acf64315236852cd5a AuthHeaderPresent:False
2026-03-10 06:00:27.494|INF|Web-<Main>$(#222)| StaticRequest START: GET /js/main/kp/kpManager.js AuthHeaderPresent:False
2026-03-10 06:00:27.505|INF|Web-<Main>$(#222)| StaticRequest START: GET /js/main/tabs/Capital.js AuthHeaderPresent:False
2026-03-10 06:00:27.506|INF|Web-<Main>$(#224)| StaticRequest END: 200 /js/main/tabs/Capital.js
2026-03-10 06:00:27.507|INF|Web-<Main>$(#222)| StaticRequest START: GET /js/main/tabs/InvestigationRequestStatus.js AuthHeaderPresent:False
2026-03-10 06:00:27.511|INF|Web-<Main>$(#222)| StaticRequest START: GET /js/main/tabs/CreateRoute.js AuthHeaderPresent:False
2026-03-10 06:00:27.518|INF|Web-<Main>$(#224)| StaticRequest END: 200 /js/main/distance/Measure.js
2026-03-10 06:00:27.535|INF|Web-<Main>$(#224)| StaticRequest END: 200 /lib/bootstrap-icons/font/fonts/bootstrap-icons.woff2
2026-03-10 06:00:27.540|INF|Web-<Main>$(#224)| StaticRequest END: 200 /js/main/kp/kpManager.js
2026-03-10 06:00:27.549|INF|Web-<Main>$(#222)| StaticRequest START: GET /js/main/leftMenuManager.js AuthHeaderPresent:False
2026-03-10 06:00:27.549|INF|Web-<Main>$(#224)| StaticRequest END: 200 /js/main/tabs/InvestigationRequestStatus.js
2026-03-10 06:00:27.549|INF|Web-<Main>$(#224)| StaticRequest END: 200 /js/main/tabs/CreateRoute.js
2026-03-10 06:00:27.549|INF|Web-<Main>$(#222)| StaticRequest START: GET /css/bootstrap_customize.css.map AuthHeaderPresent:False
2026-03-10 06:00:27.549|INF|Web-<Main>$(#224)| StaticRequest END: 200 /lib/openlayers/dist/ol.js
2026-03-10 06:00:27.551|INF|Web-<Main>$(#222)| StaticRequest START: GET /lib/bootstrap.bundle.min.js.map AuthHeaderPresent:False
2026-03-10 06:00:27.552|INF|Web-<Main>$(#224)| StaticRequest END: 200 /css/bootstrap_customize.css.map
2026-03-10 06:00:27.556|INF|Web-<Main>$(#224)| StaticRequest END: 200 /lib/bootstrap.bundle.min.js.map
2026-03-10 06:00:27.580|INF|Web-<Main>$(#224)| StaticRequest END: 200 /js/main/leftMenuManager.js
2026-03-10 06:00:27.615|INF|Web-<Main>$(#222)| StaticRequest START: GET /lib/openlayers/dist/ol.js.map AuthHeaderPresent:False
2026-03-10 06:00:27.619|INF|Web-<Main>$(#222)| StaticRequest START: GET /files/earthquake/61.geojson.gz AuthHeaderPresent:False
2026-03-10 06:00:27.619|INF|Web-<Main>$(#224)| StaticRequest END: 404 /files/earthquake/61.geojson.gz
2026-03-10 06:00:27.619|WRN|Web-<Main>$(#193)| HTTPERROR: NotFound GET /files/earthquake/61.geojson.gz  from:::1 ["Mozilla/5.0 (Windows NT 10.0; Win64; x64) AppleWebKit/537.36 (KHTML, like Gecko) Chrome/145.0.0.0 Safari/537.36"]
2026-03-10 06:00:27.620|INF|Web-<Main>$(#222)| StaticRequest START: GET /Main/56?Handler=Features& AuthHeaderPresent:False
2026-03-10 06:00:27.621|INF|Web-<Main>$(#222)| StaticRequest START: GET /Main/56?Handler=SurveyRequest&id=174 AuthHeaderPresent:False
2026-03-10 06:00:27.624|INF|Web-<Main>$(#222)| StaticRequest START: GET /Main/56?Handler=InitialPlan&tempid= AuthHeaderPresent:False
2026-03-10 06:00:27.624|INF|Web-<Main>$(#222)| StaticRequest START: GET /Main/56?Handler=SurveyRouteList AuthHeaderPresent:False
2026-03-10 06:00:27.624|INF|Web-<Main>$(#224)| StaticRequest END: 200 /Main/56
2026-03-10 06:00:27.644|INF|Web-<Main>$(#224)| StaticRequest END: 200 /lib/openlayers/dist/ol.js.map
2026-03-10 06:00:27.653|INF|Web-<Main>$(#224)| StaticRequest END: 200 /Main/56
2026-03-10 06:00:27.656|INF|Web-<Main>$(#222)| StaticRequest START: GET /favicon.ico AuthHeaderPresent:False
2026-03-10 06:00:27.657|INF|Web-<Main>$(#224)| StaticRequest END: 200 /favicon.ico
2026-03-10 06:00:27.670|INF|Web-<Main>$(#222)| StaticRequest START: GET /Main/56?Handler=InitialRoute&route=10102 AuthHeaderPresent:False
2026-03-10 06:00:27.683|INF|Web-<Main>$(#224)| StaticRequest END: 200 /Main/56
2026-03-10 06:00:27.695|INF|Web-<Main>$(#224)| StaticRequest END: 200 /Main/56
2026-03-10 06:00:27.700|INF|Web-<Main>$(#224)| StaticRequest END: 200 /Main/56
2026-03-10 06:00:27.728|INF|Web-<Main>$(#222)| StaticRequest START: POST /Main/56?Handler=Plan AuthHeaderPresent:False
2026-03-10 06:00:27.729|INF|Web-<Main>$(#224)| StaticRequest END: 400 /Main/56
2026-03-10 06:00:27.729|WRN|Web-<Main>$(#193)| HTTPERROR: BadRequest POST /Main/56?Handler=Plan  from:::1 ["Mozilla/5.0 (Windows NT 10.0; Win64; x64) AppleWebKit/537.36 (KHTML, like Gecko) Chrome/145.0.0.0 Safari/537.36"]
2026-03-10 06:04:58.629|INF|Web-<Main>$(#222)| StaticRequest START: GET /Main/56 AuthHeaderPresent:False
2026-03-10 06:04:58.678|INF|Web-<Main>$(#224)| StaticRequest END: 200 /Main/56
2026-03-10 06:04:58.711|INF|Web-<Main>$(#222)| StaticRequest START: GET /css/bootstrap_customize.css?v=KGpvL7QlsQGUPqqd3FCgMkjIHYbwULQrfvjb5h6qRaI AuthHeaderPresent:False
2026-03-10 06:04:58.721|INF|Web-<Main>$(#222)| StaticRequest START: GET /lib/bootstrap.bundle.min.js AuthHeaderPresent:False
2026-03-10 06:04:58.721|INF|Web-<Main>$(#222)| StaticRequest START: GET /lib/bootstrap-icons/font/bootstrap-icons.css AuthHeaderPresent:False
2026-03-10 06:04:58.741|INF|Web-<Main>$(#224)| StaticRequest END: 200 /css/bootstrap_customize.css
2026-03-10 06:04:58.757|INF|Web-<Main>$(#222)| StaticRequest START: GET /lib/bootstrap-multiselect/css/bootstrap-multiselect.min.css AuthHeaderPresent:False
2026-03-10 06:04:58.762|INF|Web-<Main>$(#222)| StaticRequest START: GET /lib/openlayers/ol.min.css AuthHeaderPresent:False
2026-03-10 06:04:58.762|INF|Web-<Main>$(#222)| StaticRequest START: GET /css/site.css?v=tPKQCfoW8WfmkY-RpHRAN4MxxuKqpJFVOxyjQ6BWVrQ AuthHeaderPresent:False
2026-03-10 06:04:58.764|INF|Web-<Main>$(#224)| StaticRequest END: 200 /lib/bootstrap.bundle.min.js
2026-03-10 06:04:58.764|INF|Web-<Main>$(#222)| StaticRequest START: GET /css/main/index.css?v=2nAz5B5LAbpqirfu1LpowUJVQG5ux_XfXcp0SioCuDI AuthHeaderPresent:False
2026-03-10 06:04:58.764|INF|Web-<Main>$(#224)| StaticRequest END: 200 /lib/bootstrap-icons/font/bootstrap-icons.css
2026-03-10 06:04:58.764|INF|Web-<Main>$(#224)| StaticRequest END: 200 /lib/bootstrap-multiselect/css/bootstrap-multiselect.min.css
2026-03-10 06:04:58.765|INF|Web-<Main>$(#224)| StaticRequest END: 200 /css/main/index.css
2026-03-10 06:04:58.765|INF|Web-<Main>$(#222)| StaticRequest START: GET /js/main/index.js?v=fEBNy9KuXlDmFKqp46V1MruEBKiZGCUSBxoDztqgzeI AuthHeaderPresent:False
2026-03-10 06:04:58.767|INF|Web-<Main>$(#222)| StaticRequest START: GET /.well-known/appspecific/com.chrome.devtools.json AuthHeaderPresent:False
2026-03-10 06:04:58.773|INF|Web-<Main>$(#224)| StaticRequest END: 404 /.well-known/appspecific/com.chrome.devtools.json
2026-03-10 06:04:58.773|WRN|Web-<Main>$(#193)| HTTPERROR: NotFound GET /.well-known/appspecific/com.chrome.devtools.json  from:::1 ["Mozilla/5.0 (Windows NT 10.0; Win64; x64) AppleWebKit/537.36 (KHTML, like Gecko) Chrome/145.0.0.0 Safari/537.36"]
2026-03-10 06:04:58.784|INF|Web-<Main>$(#222)| StaticRequest START: GET /lib/jquery/jquery.min.js AuthHeaderPresent:False
2026-03-10 06:04:58.794|INF|Web-<Main>$(#222)| StaticRequest START: GET /lib/bootstrap-multiselect/js/bootstrap-multiselect.min.js AuthHeaderPresent:False
2026-03-10 06:04:58.800|INF|Web-<Main>$(#224)| StaticRequest END: 200 /lib/openlayers/ol.min.css
2026-03-10 06:04:58.800|INF|Web-<Main>$(#224)| StaticRequest END: 200 /css/site.css
2026-03-10 06:04:58.801|INF|Web-<Main>$(#222)| StaticRequest START: GET /Logo_of_MLIT.svg AuthHeaderPresent:False
2026-03-10 06:04:58.801|INF|Web-<Main>$(#224)| StaticRequest END: 200 /js/main/index.js
2026-03-10 06:04:58.801|INF|Web-<Main>$(#222)| StaticRequest START: GET /lib/openlayers/dist/ol.js AuthHeaderPresent:False
2026-03-10 06:04:58.802|INF|Web-<Main>$(#224)| StaticRequest END: 200 /lib/jquery/jquery.min.js
2026-03-10 06:04:58.803|INF|Web-<Main>$(#222)| StaticRequest START: GET /lib/bootstrap-icons/font/fonts/bootstrap-icons.woff2?e34853135f9e39acf64315236852cd5a AuthHeaderPresent:False
2026-03-10 06:04:58.803|INF|Web-<Main>$(#222)| StaticRequest START: GET /js/site.js?v=4sTm-IDD5KS9oFF3-l8M7gGaqqtaBZGON5OTsqAQwTU AuthHeaderPresent:False
2026-03-10 06:04:58.809|INF|Web-<Main>$(#222)| StaticRequest START: GET /js/main/kp/kpManager.js AuthHeaderPresent:False
2026-03-10 06:04:58.830|INF|Web-<Main>$(#224)| StaticRequest END: 200 /lib/bootstrap-icons/font/fonts/bootstrap-icons.woff2
2026-03-10 06:04:58.830|INF|Web-<Main>$(#224)| StaticRequest END: 200 /lib/bootstrap-multiselect/js/bootstrap-multiselect.min.js
2026-03-10 06:04:58.831|INF|Web-<Main>$(#224)| StaticRequest END: 200 /Logo_of_MLIT.svg
2026-03-10 06:04:58.832|INF|Web-<Main>$(#224)| StaticRequest END: 200 /js/site.js
2026-03-10 06:04:58.832|INF|Web-<Main>$(#222)| StaticRequest START: GET /js/main/distance/Measure.js AuthHeaderPresent:False
2026-03-10 06:04:58.839|INF|Web-<Main>$(#224)| StaticRequest END: 200 /js/main/kp/kpManager.js
2026-03-10 06:04:58.844|INF|Web-<Main>$(#222)| StaticRequest START: GET /js/main/tabs/Capital.js AuthHeaderPresent:False
2026-03-10 06:04:58.845|INF|Web-<Main>$(#222)| StaticRequest START: GET /js/_map.js?v=ALLANm3IcqM_HIsJo6-2w9uBxuaAnqD3xYTWEZNTgxI AuthHeaderPresent:False
2026-03-10 06:04:58.846|INF|Web-<Main>$(#224)| StaticRequest END: 200 /js/main/tabs/Capital.js
2026-03-10 06:04:58.847|INF|Web-<Main>$(#222)| StaticRequest START: GET /js/main/leftMenuManager.js AuthHeaderPresent:False
2026-03-10 06:04:58.847|INF|Web-<Main>$(#224)| StaticRequest END: 200 /lib/openlayers/dist/ol.js
2026-03-10 06:04:58.848|INF|Web-<Main>$(#222)| StaticRequest START: GET /js/main/tabs/InvestigationRequestStatus.js AuthHeaderPresent:False
2026-03-10 06:04:58.848|INF|Web-<Main>$(#224)| StaticRequest END: 200 /js/main/leftMenuManager.js
2026-03-10 06:04:58.848|INF|Web-<Main>$(#222)| StaticRequest START: GET /css/bootstrap_customize.css.map AuthHeaderPresent:False
2026-03-10 06:04:58.849|INF|Web-<Main>$(#224)| StaticRequest END: 200 /js/main/distance/Measure.js
2026-03-10 06:04:58.849|INF|Web-<Main>$(#224)| StaticRequest END: 200 /js/main/tabs/InvestigationRequestStatus.js
2026-03-10 06:04:58.849|INF|Web-<Main>$(#224)| StaticRequest END: 200 /js/_map.js
2026-03-10 06:04:58.850|INF|Web-<Main>$(#222)| StaticRequest START: GET /lib/bootstrap.bundle.min.js.map AuthHeaderPresent:False
2026-03-10 06:04:58.864|INF|Web-<Main>$(#222)| StaticRequest START: GET /js/main/tabs/CreateRoute.js AuthHeaderPresent:False
2026-03-10 06:04:58.865|INF|Web-<Main>$(#224)| StaticRequest END: 200 /css/bootstrap_customize.css.map
2026-03-10 06:04:58.866|INF|Web-<Main>$(#224)| StaticRequest END: 200 /js/main/tabs/CreateRoute.js
2026-03-10 06:04:58.868|INF|Web-<Main>$(#224)| StaticRequest END: 200 /lib/bootstrap.bundle.min.js.map
2026-03-10 06:04:58.904|INF|Web-<Main>$(#222)| StaticRequest START: GET /lib/openlayers/dist/ol.js.map AuthHeaderPresent:False
2026-03-10 06:04:58.927|INF|Web-<Main>$(#224)| StaticRequest END: 200 /lib/openlayers/dist/ol.js.map
2026-03-10 06:04:58.928|INF|Web-<Main>$(#222)| StaticRequest START: GET /files/earthquake/61.geojson.gz AuthHeaderPresent:False
2026-03-10 06:04:58.939|INF|Web-<Main>$(#224)| StaticRequest END: 200 /files/earthquake/61.geojson.gz
2026-03-10 06:04:58.943|INF|Web-<Main>$(#222)| StaticRequest START: GET /Main/56?Handler=Features& AuthHeaderPresent:False
2026-03-10 06:04:58.946|INF|Web-<Main>$(#222)| StaticRequest START: GET /Main/56?Handler=SurveyRequest&id=174 AuthHeaderPresent:False
2026-03-10 06:04:58.946|INF|Web-<Main>$(#222)| StaticRequest START: GET /Main/56?Handler=SurveyRouteList AuthHeaderPresent:False
2026-03-10 06:04:58.946|INF|Web-<Main>$(#222)| StaticRequest START: GET /Main/56?Handler=InitialPlan&tempid= AuthHeaderPresent:False
2026-03-10 06:04:58.947|INF|Web-<Main>$(#224)| StaticRequest END: 200 /Main/56
2026-03-10 06:04:58.974|INF|Web-<Main>$(#224)| StaticRequest END: 200 /Main/56
2026-03-10 06:04:58.976|INF|Web-<Main>$(#224)| StaticRequest END: 200 /Main/56
2026-03-10 06:04:58.982|INF|Web-<Main>$(#224)| StaticRequest END: 200 /Main/56
2026-03-10 06:04:58.996|INF|Web-<Main>$(#222)| StaticRequest START: POST /Main/56?Handler=Plan AuthHeaderPresent:False
2026-03-10 06:04:58.997|INF|Web-<Main>$(#224)| StaticRequest END: 400 /Main/56
2026-03-10 06:04:58.997|WRN|Web-<Main>$(#193)| HTTPERROR: BadRequest POST /Main/56?Handler=Plan  from:::1 ["Mozilla/5.0 (Windows NT 10.0; Win64; x64) AppleWebKit/537.36 (KHTML, like Gecko) Chrome/145.0.0.0 Safari/537.36"]
2026-03-10 06:04:58.999|INF|Web-<Main>$(#222)| StaticRequest START: GET /Main/56?Handler=InitialRoute&route=10102 AuthHeaderPresent:False
2026-03-10 06:04:59.011|INF|Web-<Main>$(#224)| StaticRequest END: 200 /Main/56
2026-03-10 06:04:59.200|INF|Web-<Main>$(#222)| StaticRequest START: GET /favicon.ico AuthHeaderPresent:False
2026-03-10 06:04:59.202|INF|Web-<Main>$(#224)| StaticRequest END: 200 /favicon.ico
2026-03-10 06:14:41.745|INF|Web-<Main>$(#222)| StaticRequest START: GET /Main/56 AuthHeaderPresent:False
2026-03-10 06:14:41.852|INF|Web-<Main>$(#224)| StaticRequest END: 200 /Main/56
2026-03-10 06:14:41.893|INF|Web-<Main>$(#222)| StaticRequest START: GET /css/bootstrap_customize.css?v=KGpvL7QlsQGUPqqd3FCgMkjIHYbwULQrfvjb5h6qRaI AuthHeaderPresent:False
2026-03-10 06:14:41.897|INF|Web-<Main>$(#222)| StaticRequest START: GET /lib/bootstrap.bundle.min.js AuthHeaderPresent:False
2026-03-10 06:14:41.905|INF|Web-<Main>$(#224)| StaticRequest END: 200 /css/bootstrap_customize.css
2026-03-10 06:14:41.905|INF|Web-<Main>$(#222)| StaticRequest START: GET /lib/bootstrap-icons/font/bootstrap-icons.css AuthHeaderPresent:False
2026-03-10 06:14:41.909|INF|Web-<Main>$(#222)| StaticRequest START: GET /css/main/index.css?v=2nAz5B5LAbpqirfu1LpowUJVQG5ux_XfXcp0SioCuDI AuthHeaderPresent:False
2026-03-10 06:14:41.910|INF|Web-<Main>$(#224)| StaticRequest END: 200 /lib/bootstrap.bundle.min.js
2026-03-10 06:14:41.911|INF|Web-<Main>$(#222)| StaticRequest START: GET /lib/openlayers/ol.min.css AuthHeaderPresent:False
2026-03-10 06:14:41.912|INF|Web-<Main>$(#222)| StaticRequest START: GET /js/main/index.js?v=fEBNy9KuXlDmFKqp46V1MruEBKiZGCUSBxoDztqgzeI AuthHeaderPresent:False
2026-03-10 06:14:41.935|INF|Web-<Main>$(#222)| StaticRequest START: GET /lib/bootstrap-multiselect/css/bootstrap-multiselect.min.css AuthHeaderPresent:False
2026-03-10 06:14:41.949|INF|Web-<Main>$(#222)| StaticRequest START: GET /css/site.css?v=tPKQCfoW8WfmkY-RpHRAN4MxxuKqpJFVOxyjQ6BWVrQ AuthHeaderPresent:False
2026-03-10 06:14:41.958|INF|Web-<Main>$(#224)| StaticRequest END: 200 /lib/bootstrap-icons/font/bootstrap-icons.css
2026-03-10 06:14:41.958|INF|Web-<Main>$(#224)| StaticRequest END: 200 /lib/openlayers/ol.min.css
2026-03-10 06:14:41.964|INF|Web-<Main>$(#224)| StaticRequest END: 200 /js/main/index.js
2026-03-10 06:14:41.965|INF|Web-<Main>$(#224)| StaticRequest END: 200 /css/main/index.css
2026-03-10 06:14:41.971|INF|Web-<Main>$(#224)| StaticRequest END: 200 /lib/bootstrap-multiselect/css/bootstrap-multiselect.min.css
2026-03-10 06:14:41.972|INF|Web-<Main>$(#222)| StaticRequest START: GET /Logo_of_MLIT.svg AuthHeaderPresent:False
2026-03-10 06:14:41.972|INF|Web-<Main>$(#222)| StaticRequest START: GET /.well-known/appspecific/com.chrome.devtools.json AuthHeaderPresent:False
2026-03-10 06:14:41.973|INF|Web-<Main>$(#224)| StaticRequest END: 404 /.well-known/appspecific/com.chrome.devtools.json
2026-03-10 06:14:41.974|WRN|Web-<Main>$(#193)| HTTPERROR: NotFound GET /.well-known/appspecific/com.chrome.devtools.json  from:::1 ["Mozilla/5.0 (Windows NT 10.0; Win64; x64) AppleWebKit/537.36 (KHTML, like Gecko) Chrome/145.0.0.0 Safari/537.36"]
2026-03-10 06:14:41.976|INF|Web-<Main>$(#222)| StaticRequest START: GET /lib/openlayers/dist/ol.js AuthHeaderPresent:False
2026-03-10 06:14:41.976|INF|Web-<Main>$(#224)| StaticRequest END: 200 /css/site.css
2026-03-10 06:14:41.976|INF|Web-<Main>$(#222)| StaticRequest START: GET /lib/bootstrap-multiselect/js/bootstrap-multiselect.min.js AuthHeaderPresent:False
2026-03-10 06:14:41.976|INF|Web-<Main>$(#222)| StaticRequest START: GET /js/site.js?v=4sTm-IDD5KS9oFF3-l8M7gGaqqtaBZGON5OTsqAQwTU AuthHeaderPresent:False
2026-03-10 06:14:41.977|INF|Web-<Main>$(#222)| StaticRequest START: GET /js/_map.js?v=ALLANm3IcqM_HIsJo6-2w9uBxuaAnqD3xYTWEZNTgxI AuthHeaderPresent:False
2026-03-10 06:14:41.983|INF|Web-<Main>$(#224)| StaticRequest END: 200 /Logo_of_MLIT.svg
2026-03-10 06:14:41.993|INF|Web-<Main>$(#222)| StaticRequest START: GET /lib/jquery/jquery.min.js AuthHeaderPresent:False
2026-03-10 06:14:41.993|INF|Web-<Main>$(#224)| StaticRequest END: 200 /lib/bootstrap-multiselect/js/bootstrap-multiselect.min.js
2026-03-10 06:14:41.993|INF|Web-<Main>$(#224)| StaticRequest END: 200 /js/site.js
2026-03-10 06:14:41.999|INF|Web-<Main>$(#224)| StaticRequest END: 200 /js/_map.js
2026-03-10 06:14:42.005|INF|Web-<Main>$(#224)| StaticRequest END: 200 /lib/openlayers/dist/ol.js
2026-03-10 06:14:42.007|INF|Web-<Main>$(#222)| StaticRequest START: GET /lib/bootstrap-icons/font/fonts/bootstrap-icons.woff2?e34853135f9e39acf64315236852cd5a AuthHeaderPresent:False
2026-03-10 06:14:42.008|INF|Web-<Main>$(#224)| StaticRequest END: 200 /lib/jquery/jquery.min.js
2026-03-10 06:14:42.010|INF|Web-<Main>$(#222)| StaticRequest START: GET /css/bootstrap_customize.css.map AuthHeaderPresent:False
2026-03-10 06:14:42.011|INF|Web-<Main>$(#224)| StaticRequest END: 200 /lib/bootstrap-icons/font/fonts/bootstrap-icons.woff2
2026-03-10 06:14:42.011|INF|Web-<Main>$(#222)| StaticRequest START: GET /js/main/distance/Measure.js AuthHeaderPresent:False
2026-03-10 06:14:42.011|INF|Web-<Main>$(#222)| StaticRequest START: GET /js/main/tabs/Capital.js AuthHeaderPresent:False
2026-03-10 06:14:42.011|INF|Web-<Main>$(#222)| StaticRequest START: GET /js/main/kp/kpManager.js AuthHeaderPresent:False
2026-03-10 06:14:42.012|INF|Web-<Main>$(#224)| StaticRequest END: 200 /js/main/distance/Measure.js
2026-03-10 06:14:42.014|INF|Web-<Main>$(#222)| StaticRequest START: GET /js/main/leftMenuManager.js AuthHeaderPresent:False
2026-03-10 06:14:42.014|INF|Web-<Main>$(#222)| StaticRequest START: GET /js/main/tabs/CreateRoute.js AuthHeaderPresent:False
2026-03-10 06:14:42.015|INF|Web-<Main>$(#224)| StaticRequest END: 200 /css/bootstrap_customize.css.map
2026-03-10 06:14:42.018|INF|Web-<Main>$(#224)| StaticRequest END: 200 /js/main/tabs/Capital.js
2026-03-10 06:14:42.018|INF|Web-<Main>$(#224)| StaticRequest END: 200 /js/main/kp/kpManager.js
2026-03-10 06:14:42.019|INF|Web-<Main>$(#222)| StaticRequest START: GET /js/main/tabs/InvestigationRequestStatus.js AuthHeaderPresent:False
2026-03-10 06:14:42.020|INF|Web-<Main>$(#224)| StaticRequest END: 200 /js/main/leftMenuManager.js
2026-03-10 06:14:42.020|INF|Web-<Main>$(#224)| StaticRequest END: 200 /js/main/tabs/CreateRoute.js
2026-03-10 06:14:42.023|INF|Web-<Main>$(#224)| StaticRequest END: 200 /js/main/tabs/InvestigationRequestStatus.js
2026-03-10 06:14:42.038|INF|Web-<Main>$(#222)| StaticRequest START: GET /lib/bootstrap.bundle.min.js.map AuthHeaderPresent:False
2026-03-10 06:14:42.040|INF|Web-<Main>$(#224)| StaticRequest END: 200 /lib/bootstrap.bundle.min.js.map
2026-03-10 06:14:42.043|INF|Web-<Main>$(#222)| StaticRequest START: GET /lib/openlayers/dist/ol.js.map AuthHeaderPresent:False
2026-03-10 06:14:42.088|INF|Web-<Main>$(#222)| StaticRequest START: GET /files/earthquake/61.geojson.gz AuthHeaderPresent:False
2026-03-10 06:14:42.088|INF|Web-<Main>$(#222)| StaticRequest START: GET /Main/56?Handler=Features& AuthHeaderPresent:False
2026-03-10 06:14:42.089|INF|Web-<Main>$(#222)| StaticRequest START: GET /Main/56?Handler=SurveyRequest&id=174 AuthHeaderPresent:False
2026-03-10 06:14:42.089|INF|Web-<Main>$(#224)| StaticRequest END: 200 /files/earthquake/61.geojson.gz
2026-03-10 06:14:42.090|INF|Web-<Main>$(#222)| StaticRequest START: GET /Main/56?Handler=SurveyRouteList AuthHeaderPresent:False
2026-03-10 06:14:42.093|INF|Web-<Main>$(#222)| StaticRequest START: GET /Main/56?Handler=InitialPlan&tempid= AuthHeaderPresent:False
2026-03-10 06:14:42.094|INF|Web-<Main>$(#224)| StaticRequest END: 200 /lib/openlayers/dist/ol.js.map
2026-03-10 06:14:42.111|INF|Web-<Main>$(#224)| StaticRequest END: 200 /Main/56
2026-03-10 06:14:42.128|INF|Web-<Main>$(#224)| StaticRequest END: 200 /Main/56
2026-03-10 06:14:42.132|INF|Web-<Main>$(#222)| StaticRequest START: GET /Main/56?Handler=InitialRoute&route=10102 AuthHeaderPresent:False
2026-03-10 06:14:42.143|INF|Web-<Main>$(#224)| StaticRequest END: 200 /Main/56
2026-03-10 06:14:42.176|INF|Web-<Main>$(#224)| StaticRequest END: 200 /Main/56
2026-03-10 06:14:42.176|INF|Web-<Main>$(#224)| StaticRequest END: 200 /Main/56
2026-03-10 06:14:42.194|INF|Web-<Main>$(#222)| StaticRequest START: POST /Main/56?Handler=Plan AuthHeaderPresent:False
2026-03-10 06:14:42.195|INF|Web-<Main>$(#224)| StaticRequest END: 400 /Main/56
2026-03-10 06:14:42.195|WRN|Web-<Main>$(#193)| HTTPERROR: BadRequest POST /Main/56?Handler=Plan  from:::1 ["Mozilla/5.0 (Windows NT 10.0; Win64; x64) AppleWebKit/537.36 (KHTML, like Gecko) Chrome/145.0.0.0 Safari/537.36"]
2026-03-10 06:14:42.309|INF|Web-<Main>$(#222)| StaticRequest START: GET /favicon.ico AuthHeaderPresent:False
2026-03-10 06:14:42.311|INF|Web-<Main>$(#224)| StaticRequest END: 200 /favicon.ico
2026-03-10 06:20:55.535|INF|Web-<Main>$(#242)| 
2026-03-10 06:20:55.537|INF|Web-<Main>$(#243)| App Starting. (Version=0.2.2025.1020)
2026-03-10 06:20:55.586|INF|Microsoft.Hosting.Lifetime| Now listening on: http://localhost:5260
2026-03-10 06:20:55.587|INF|Microsoft.Hosting.Lifetime| Application started. Press Ctrl+C to shut down.
2026-03-10 06:20:55.587|INF|Microsoft.Hosting.Lifetime| Hosting environment: Development
2026-03-10 06:20:55.587|INF|Microsoft.Hosting.Lifetime| Content root path: D:\01-Development\PCKK-KantoHeli\Web
2026-03-10 08:47:28.643|INF|Web-<Main>$(#222)| StaticRequest START: GET /Main/56 AuthHeaderPresent:False
2026-03-10 08:47:31.770|INF|Web-<Main>$(#222)| StaticRequest START: GET /Main/56 AuthHeaderPresent:False
2026-03-10 08:47:32.015|INF|Web-<Main>$(#224)| StaticRequest END: 200 /Main/56
2026-03-10 08:47:32.015|INF|Web-<Main>$(#224)| StaticRequest END: 200 /Main/56
2026-03-10 08:47:32.061|INF|Web-<Main>$(#222)| StaticRequest START: GET /css/bootstrap_customize.css?v=KGpvL7QlsQGUPqqd3FCgMkjIHYbwULQrfvjb5h6qRaI AuthHeaderPresent:False
2026-03-10 08:47:32.071|INF|Web-<Main>$(#224)| StaticRequest END: 200 /css/bootstrap_customize.css
2026-03-10 08:47:32.071|INF|Web-<Main>$(#222)| StaticRequest START: GET /lib/bootstrap.bundle.min.js AuthHeaderPresent:False
2026-03-10 08:47:32.073|INF|Web-<Main>$(#222)| StaticRequest START: GET /lib/bootstrap-icons/font/bootstrap-icons.css AuthHeaderPresent:False
2026-03-10 08:47:32.073|INF|Web-<Main>$(#224)| StaticRequest END: 200 /lib/bootstrap.bundle.min.js
2026-03-10 08:47:32.074|INF|Web-<Main>$(#224)| StaticRequest END: 200 /lib/bootstrap-icons/font/bootstrap-icons.css
2026-03-10 08:47:32.076|INF|Web-<Main>$(#222)| StaticRequest START: GET /lib/bootstrap-multiselect/css/bootstrap-multiselect.min.css AuthHeaderPresent:False
2026-03-10 08:47:32.076|INF|Web-<Main>$(#222)| StaticRequest START: GET /lib/openlayers/ol.min.css AuthHeaderPresent:False
2026-03-10 08:47:32.077|INF|Web-<Main>$(#222)| StaticRequest START: GET /css/site.css?v=tPKQCfoW8WfmkY-RpHRAN4MxxuKqpJFVOxyjQ6BWVrQ AuthHeaderPresent:False
2026-03-10 08:47:32.077|INF|Web-<Main>$(#224)| StaticRequest END: 200 /lib/bootstrap-multiselect/css/bootstrap-multiselect.min.css
2026-03-10 08:47:32.077|INF|Web-<Main>$(#224)| StaticRequest END: 200 /lib/openlayers/ol.min.css
2026-03-10 08:47:32.077|INF|Web-<Main>$(#224)| StaticRequest END: 200 /css/site.css
2026-03-10 08:47:32.079|INF|Web-<Main>$(#222)| StaticRequest START: GET /css/main/index.css?v=2nAz5B5LAbpqirfu1LpowUJVQG5ux_XfXcp0SioCuDI AuthHeaderPresent:False
2026-03-10 08:47:32.079|INF|Web-<Main>$(#224)| StaticRequest END: 200 /css/main/index.css
2026-03-10 08:47:32.081|INF|Web-<Main>$(#222)| StaticRequest START: GET /js/main/index.js?v=fEBNy9KuXlDmFKqp46V1MruEBKiZGCUSBxoDztqgzeI AuthHeaderPresent:False
2026-03-10 08:47:32.081|INF|Web-<Main>$(#224)| StaticRequest END: 200 /js/main/index.js
2026-03-10 08:47:32.087|INF|Web-<Main>$(#222)| StaticRequest START: GET /.well-known/appspecific/com.chrome.devtools.json AuthHeaderPresent:False
2026-03-10 08:47:32.087|INF|Web-<Main>$(#222)| StaticRequest START: GET /Logo_of_MLIT.svg AuthHeaderPresent:False
2026-03-10 08:47:32.087|INF|Web-<Main>$(#224)| StaticRequest END: 200 /Logo_of_MLIT.svg
2026-03-10 08:47:32.095|INF|Web-<Main>$(#224)| StaticRequest END: 404 /.well-known/appspecific/com.chrome.devtools.json
2026-03-10 08:47:32.098|INF|Web-<Main>$(#222)| StaticRequest START: GET /lib/openlayers/dist/ol.js AuthHeaderPresent:False
2026-03-10 08:47:32.098|WRN|Web-<Main>$(#193)| HTTPERROR: NotFound GET /.well-known/appspecific/com.chrome.devtools.json  from:::1 ["Mozilla/5.0 (Windows NT 10.0; Win64; x64) AppleWebKit/537.36 (KHTML, like Gecko) Chrome/145.0.0.0 Safari/537.36"]
2026-03-10 08:47:32.110|INF|Web-<Main>$(#224)| StaticRequest END: 200 /lib/openlayers/dist/ol.js
2026-03-10 08:47:32.112|INF|Web-<Main>$(#222)| StaticRequest START: GET /lib/jquery/jquery.min.js AuthHeaderPresent:False
2026-03-10 08:47:32.113|INF|Web-<Main>$(#224)| StaticRequest END: 200 /lib/jquery/jquery.min.js
2026-03-10 08:47:32.115|INF|Web-<Main>$(#222)| StaticRequest START: GET /lib/bootstrap-multiselect/js/bootstrap-multiselect.min.js AuthHeaderPresent:False
2026-03-10 08:47:32.115|INF|Web-<Main>$(#224)| StaticRequest END: 200 /lib/bootstrap-multiselect/js/bootstrap-multiselect.min.js
2026-03-10 08:47:32.117|INF|Web-<Main>$(#222)| StaticRequest START: GET /js/site.js?v=4sTm-IDD5KS9oFF3-l8M7gGaqqtaBZGON5OTsqAQwTU AuthHeaderPresent:False
2026-03-10 08:47:32.117|INF|Web-<Main>$(#222)| StaticRequest START: GET /js/_map.js?v=ALLANm3IcqM_HIsJo6-2w9uBxuaAnqD3xYTWEZNTgxI AuthHeaderPresent:False
2026-03-10 08:47:32.118|INF|Web-<Main>$(#224)| StaticRequest END: 200 /js/site.js
2026-03-10 08:47:32.118|INF|Web-<Main>$(#224)| StaticRequest END: 200 /js/_map.js
2026-03-10 08:47:32.119|INF|Web-<Main>$(#222)| StaticRequest START: GET /js/main/kp/kpManager.js AuthHeaderPresent:False
2026-03-10 08:47:32.120|INF|Web-<Main>$(#224)| StaticRequest END: 200 /js/main/kp/kpManager.js
2026-03-10 08:47:32.120|INF|Web-<Main>$(#222)| StaticRequest START: GET /js/main/distance/Measure.js AuthHeaderPresent:False
2026-03-10 08:47:32.120|INF|Web-<Main>$(#222)| StaticRequest START: GET /js/main/tabs/Capital.js AuthHeaderPresent:False
2026-03-10 08:47:32.120|INF|Web-<Main>$(#224)| StaticRequest END: 200 /js/main/distance/Measure.js
2026-03-10 08:47:32.120|INF|Web-<Main>$(#224)| StaticRequest END: 200 /js/main/tabs/Capital.js
2026-03-10 08:47:32.123|INF|Web-<Main>$(#222)| StaticRequest START: GET /js/main/leftMenuManager.js AuthHeaderPresent:False
2026-03-10 08:47:32.123|INF|Web-<Main>$(#224)| StaticRequest END: 200 /js/main/leftMenuManager.js
2026-03-10 08:47:32.124|INF|Web-<Main>$(#222)| StaticRequest START: GET /js/main/tabs/InvestigationRequestStatus.js AuthHeaderPresent:False
2026-03-10 08:47:32.124|INF|Web-<Main>$(#224)| StaticRequest END: 200 /js/main/tabs/InvestigationRequestStatus.js
2026-03-10 08:47:32.129|INF|Web-<Main>$(#222)| StaticRequest START: GET /lib/bootstrap-icons/font/fonts/bootstrap-icons.woff2?e34853135f9e39acf64315236852cd5a AuthHeaderPresent:False
2026-03-10 08:47:32.129|INF|Web-<Main>$(#222)| StaticRequest START: GET /js/main/tabs/CreateRoute.js AuthHeaderPresent:False
2026-03-10 08:47:32.130|INF|Web-<Main>$(#224)| StaticRequest END: 200 /js/main/tabs/CreateRoute.js
2026-03-10 08:47:32.131|INF|Web-<Main>$(#224)| StaticRequest END: 200 /lib/bootstrap-icons/font/fonts/bootstrap-icons.woff2
2026-03-10 08:47:32.151|INF|Web-<Main>$(#222)| StaticRequest START: GET /css/bootstrap_customize.css.map AuthHeaderPresent:False
2026-03-10 08:47:32.152|INF|Web-<Main>$(#224)| StaticRequest END: 200 /css/bootstrap_customize.css.map
2026-03-10 08:47:32.170|INF|Web-<Main>$(#222)| StaticRequest START: GET /lib/bootstrap.bundle.min.js.map AuthHeaderPresent:False
2026-03-10 08:47:32.172|INF|Web-<Main>$(#224)| StaticRequest END: 200 /lib/bootstrap.bundle.min.js.map
2026-03-10 08:47:32.188|INF|Web-<Main>$(#222)| StaticRequest START: GET /lib/openlayers/dist/ol.js.map AuthHeaderPresent:False
2026-03-10 08:47:32.205|INF|Web-<Main>$(#224)| StaticRequest END: 200 /lib/openlayers/dist/ol.js.map
2026-03-10 08:47:32.213|INF|Web-<Main>$(#222)| StaticRequest START: GET /files/earthquake/61.geojson.gz AuthHeaderPresent:False
2026-03-10 08:47:32.213|INF|Web-<Main>$(#222)| StaticRequest START: GET /Main/56?Handler=Features& AuthHeaderPresent:False
2026-03-10 08:47:32.213|INF|Web-<Main>$(#222)| StaticRequest START: GET /Main/56?Handler=SurveyRequest&id=174 AuthHeaderPresent:False
2026-03-10 08:47:32.213|INF|Web-<Main>$(#222)| StaticRequest START: GET /Main/56?Handler=SurveyRouteList AuthHeaderPresent:False
2026-03-10 08:47:32.213|INF|Web-<Main>$(#222)| StaticRequest START: GET /Main/56?Handler=InitialPlan&tempid= AuthHeaderPresent:False
2026-03-10 08:47:32.217|INF|Web-<Main>$(#224)| StaticRequest END: 200 /files/earthquake/61.geojson.gz
2026-03-10 08:47:32.246|INF|Web-<Main>$(#224)| StaticRequest END: 200 /Main/56
2026-03-10 08:47:32.250|INF|Web-<Main>$(#224)| StaticRequest END: 200 /Main/56
2026-03-10 08:47:32.256|INF|Web-<Main>$(#222)| StaticRequest START: GET /favicon.ico AuthHeaderPresent:False
2026-03-10 08:47:32.256|INF|Web-<Main>$(#224)| StaticRequest END: 200 /favicon.ico
2026-03-10 08:47:32.313|INF|Web-<Main>$(#224)| StaticRequest END: 200 /Main/56
2026-03-10 08:47:32.319|INF|Web-<Main>$(#222)| StaticRequest START: GET /Main/56?Handler=InitialRoute&route=10102 AuthHeaderPresent:False
2026-03-10 08:47:32.340|INF|Web-<Main>$(#224)| StaticRequest END: 200 /Main/56
2026-03-10 08:47:32.357|INF|Web-<Main>$(#224)| StaticRequest END: 200 /Main/56
2026-03-10 08:47:32.374|INF|Web-<Main>$(#222)| StaticRequest START: POST /Main/56?Handler=Plan AuthHeaderPresent:False
2026-03-10 08:47:32.383|INF|Web-<Main>$(#224)| StaticRequest END: 400 /Main/56
2026-03-10 08:47:32.383|WRN|Web-<Main>$(#193)| HTTPERROR: BadRequest POST /Main/56?Handler=Plan  from:::1 ["Mozilla/5.0 (Windows NT 10.0; Win64; x64) AppleWebKit/537.36 (KHTML, like Gecko) Chrome/145.0.0.0 Safari/537.36"]
2026-03-10 08:47:43.542|INF|Web-<Main>$(#222)| StaticRequest START: GET /Main/56 AuthHeaderPresent:False
2026-03-10 08:47:43.599|INF|Web-<Main>$(#224)| StaticRequest END: 200 /Main/56
2026-03-10 08:47:43.637|INF|Web-<Main>$(#222)| StaticRequest START: GET /css/bootstrap_customize.css?v=KGpvL7QlsQGUPqqd3FCgMkjIHYbwULQrfvjb5h6qRaI AuthHeaderPresent:False
2026-03-10 08:47:43.637|INF|Web-<Main>$(#222)| StaticRequest START: GET /lib/bootstrap.bundle.min.js AuthHeaderPresent:False
2026-03-10 08:47:43.638|INF|Web-<Main>$(#222)| StaticRequest START: GET /lib/bootstrap-icons/font/bootstrap-icons.css AuthHeaderPresent:False
2026-03-10 08:47:43.638|INF|Web-<Main>$(#222)| StaticRequest START: GET /lib/openlayers/ol.min.css AuthHeaderPresent:False
2026-03-10 08:47:43.638|INF|Web-<Main>$(#222)| StaticRequest START: GET /lib/bootstrap-multiselect/css/bootstrap-multiselect.min.css AuthHeaderPresent:False
2026-03-10 08:47:43.638|INF|Web-<Main>$(#222)| StaticRequest START: GET /css/site.css?v=tPKQCfoW8WfmkY-RpHRAN4MxxuKqpJFVOxyjQ6BWVrQ AuthHeaderPresent:False
2026-03-10 08:47:43.639|INF|Web-<Main>$(#224)| StaticRequest END: 200 /lib/bootstrap-multiselect/css/bootstrap-multiselect.min.css
2026-03-10 08:47:43.639|INF|Web-<Main>$(#224)| StaticRequest END: 200 /lib/openlayers/ol.min.css
2026-03-10 08:47:43.639|INF|Web-<Main>$(#224)| StaticRequest END: 200 /lib/bootstrap.bundle.min.js
2026-03-10 08:47:43.639|INF|Web-<Main>$(#224)| StaticRequest END: 200 /lib/bootstrap-icons/font/bootstrap-icons.css
2026-03-10 08:47:43.639|INF|Web-<Main>$(#224)| StaticRequest END: 200 /css/site.css
2026-03-10 08:47:43.640|INF|Web-<Main>$(#224)| StaticRequest END: 200 /css/bootstrap_customize.css
2026-03-10 08:47:43.644|INF|Web-<Main>$(#222)| StaticRequest START: GET /css/main/index.css?v=2nAz5B5LAbpqirfu1LpowUJVQG5ux_XfXcp0SioCuDI AuthHeaderPresent:False
2026-03-10 08:47:43.645|INF|Web-<Main>$(#224)| StaticRequest END: 200 /css/main/index.css
2026-03-10 08:47:43.645|INF|Web-<Main>$(#222)| StaticRequest START: GET /js/main/index.js?v=fEBNy9KuXlDmFKqp46V1MruEBKiZGCUSBxoDztqgzeI AuthHeaderPresent:False
2026-03-10 08:47:43.646|INF|Web-<Main>$(#224)| StaticRequest END: 200 /js/main/index.js
2026-03-10 08:47:43.651|INF|Web-<Main>$(#222)| StaticRequest START: GET /Logo_of_MLIT.svg AuthHeaderPresent:False
2026-03-10 08:47:43.651|INF|Web-<Main>$(#224)| StaticRequest END: 200 /Logo_of_MLIT.svg
2026-03-10 08:47:43.653|INF|Web-<Main>$(#222)| StaticRequest START: GET /.well-known/appspecific/com.chrome.devtools.json AuthHeaderPresent:False
2026-03-10 08:47:43.654|INF|Web-<Main>$(#224)| StaticRequest END: 404 /.well-known/appspecific/com.chrome.devtools.json
2026-03-10 08:47:43.654|WRN|Web-<Main>$(#193)| HTTPERROR: NotFound GET /.well-known/appspecific/com.chrome.devtools.json  from:::1 ["Mozilla/5.0 (Windows NT 10.0; Win64; x64) AppleWebKit/537.36 (KHTML, like Gecko) Chrome/145.0.0.0 Safari/537.36"]
2026-03-10 08:47:43.680|INF|Web-<Main>$(#222)| StaticRequest START: GET /lib/openlayers/dist/ol.js AuthHeaderPresent:False
2026-03-10 08:47:43.680|INF|Web-<Main>$(#222)| StaticRequest START: GET /lib/jquery/jquery.min.js AuthHeaderPresent:False
2026-03-10 08:47:43.681|INF|Web-<Main>$(#224)| StaticRequest END: 200 /lib/jquery/jquery.min.js
2026-03-10 08:47:43.683|INF|Web-<Main>$(#222)| StaticRequest START: GET /lib/bootstrap-multiselect/js/bootstrap-multiselect.min.js AuthHeaderPresent:False
2026-03-10 08:47:43.683|INF|Web-<Main>$(#224)| StaticRequest END: 200 /lib/bootstrap-multiselect/js/bootstrap-multiselect.min.js
2026-03-10 08:47:43.684|INF|Web-<Main>$(#222)| StaticRequest START: GET /js/site.js?v=4sTm-IDD5KS9oFF3-l8M7gGaqqtaBZGON5OTsqAQwTU AuthHeaderPresent:False
2026-03-10 08:47:43.684|INF|Web-<Main>$(#222)| StaticRequest START: GET /js/_map.js?v=ALLANm3IcqM_HIsJo6-2w9uBxuaAnqD3xYTWEZNTgxI AuthHeaderPresent:False
2026-03-10 08:47:43.684|INF|Web-<Main>$(#224)| StaticRequest END: 200 /js/site.js
2026-03-10 08:47:43.684|INF|Web-<Main>$(#224)| StaticRequest END: 200 /js/_map.js
2026-03-10 08:47:43.687|INF|Web-<Main>$(#224)| StaticRequest END: 200 /lib/openlayers/dist/ol.js
2026-03-10 08:47:43.695|INF|Web-<Main>$(#222)| StaticRequest START: GET /js/main/kp/kpManager.js AuthHeaderPresent:False
2026-03-10 08:47:43.695|INF|Web-<Main>$(#222)| StaticRequest START: GET /js/main/distance/Measure.js AuthHeaderPresent:False
2026-03-10 08:47:43.695|INF|Web-<Main>$(#222)| StaticRequest START: GET /js/main/tabs/Capital.js AuthHeaderPresent:False
2026-03-10 08:47:43.695|INF|Web-<Main>$(#222)| StaticRequest START: GET /js/main/leftMenuManager.js AuthHeaderPresent:False
2026-03-10 08:47:43.695|INF|Web-<Main>$(#224)| StaticRequest END: 200 /js/main/tabs/Capital.js
2026-03-10 08:47:43.695|INF|Web-<Main>$(#224)| StaticRequest END: 200 /js/main/leftMenuManager.js
2026-03-10 08:47:43.695|INF|Web-<Main>$(#224)| StaticRequest END: 200 /js/main/distance/Measure.js
2026-03-10 08:47:43.695|INF|Web-<Main>$(#224)| StaticRequest END: 200 /js/main/kp/kpManager.js
2026-03-10 08:47:43.696|INF|Web-<Main>$(#222)| StaticRequest START: GET /js/main/tabs/InvestigationRequestStatus.js AuthHeaderPresent:False
2026-03-10 08:47:43.697|INF|Web-<Main>$(#224)| StaticRequest END: 200 /js/main/tabs/InvestigationRequestStatus.js
2026-03-10 08:47:43.703|INF|Web-<Main>$(#222)| StaticRequest START: GET /lib/bootstrap-icons/font/fonts/bootstrap-icons.woff2?e34853135f9e39acf64315236852cd5a AuthHeaderPresent:False
2026-03-10 08:47:43.704|INF|Web-<Main>$(#224)| StaticRequest END: 200 /lib/bootstrap-icons/font/fonts/bootstrap-icons.woff2
2026-03-10 08:47:43.704|INF|Web-<Main>$(#222)| StaticRequest START: GET /js/main/tabs/CreateRoute.js AuthHeaderPresent:False
2026-03-10 08:47:43.705|INF|Web-<Main>$(#224)| StaticRequest END: 200 /js/main/tabs/CreateRoute.js
2026-03-10 08:47:43.720|INF|Web-<Main>$(#222)| StaticRequest START: GET /css/bootstrap_customize.css.map AuthHeaderPresent:False
2026-03-10 08:47:43.721|INF|Web-<Main>$(#224)| StaticRequest END: 200 /css/bootstrap_customize.css.map
2026-03-10 08:47:43.723|INF|Web-<Main>$(#222)| StaticRequest START: GET /lib/bootstrap.bundle.min.js.map AuthHeaderPresent:False
2026-03-10 08:47:43.725|INF|Web-<Main>$(#224)| StaticRequest END: 200 /lib/bootstrap.bundle.min.js.map
2026-03-10 08:47:43.773|INF|Web-<Main>$(#222)| StaticRequest START: GET /lib/openlayers/dist/ol.js.map AuthHeaderPresent:False
2026-03-10 08:47:43.773|INF|Web-<Main>$(#222)| StaticRequest START: GET /files/earthquake/61.geojson.gz AuthHeaderPresent:False
2026-03-10 08:47:43.773|INF|Web-<Main>$(#222)| StaticRequest START: GET /Main/56?Handler=Features& AuthHeaderPresent:False
2026-03-10 08:47:43.774|INF|Web-<Main>$(#222)| StaticRequest START: GET /Main/56?Handler=SurveyRequest&id=174 AuthHeaderPresent:False
2026-03-10 08:47:43.774|INF|Web-<Main>$(#224)| StaticRequest END: 200 /files/earthquake/61.geojson.gz
2026-03-10 08:47:43.775|INF|Web-<Main>$(#222)| StaticRequest START: GET /Main/56?Handler=SurveyRouteList AuthHeaderPresent:False
2026-03-10 08:47:43.775|INF|Web-<Main>$(#224)| StaticRequest END: 200 /Main/56
2026-03-10 08:47:43.779|INF|Web-<Main>$(#222)| StaticRequest START: GET /Main/56?Handler=InitialPlan&tempid= AuthHeaderPresent:False
2026-03-10 08:47:43.785|INF|Web-<Main>$(#224)| StaticRequest END: 200 /Main/56
2026-03-10 08:47:43.787|INF|Web-<Main>$(#224)| StaticRequest END: 200 /Main/56
2026-03-10 08:47:43.800|INF|Web-<Main>$(#222)| StaticRequest START: GET /favicon.ico AuthHeaderPresent:False
2026-03-10 08:47:43.800|INF|Web-<Main>$(#224)| StaticRequest END: 200 /favicon.ico
2026-03-10 08:47:43.806|INF|Web-<Main>$(#224)| StaticRequest END: 200 /Main/56
2026-03-10 08:47:43.817|INF|Web-<Main>$(#224)| StaticRequest END: 200 /lib/openlayers/dist/ol.js.map
2026-03-10 08:47:43.826|INF|Web-<Main>$(#222)| StaticRequest START: POST /Main/56?Handler=Plan AuthHeaderPresent:False
2026-03-10 08:47:43.828|INF|Web-<Main>$(#224)| StaticRequest END: 400 /Main/56
2026-03-10 08:47:43.828|WRN|Web-<Main>$(#193)| HTTPERROR: BadRequest POST /Main/56?Handler=Plan  from:::1 ["Mozilla/5.0 (Windows NT 10.0; Win64; x64) AppleWebKit/537.36 (KHTML, like Gecko) Chrome/145.0.0.0 Safari/537.36"]
2026-03-10 08:47:43.834|INF|Web-<Main>$(#222)| StaticRequest START: GET /Main/56?Handler=InitialRoute&route=10102 AuthHeaderPresent:False
2026-03-10 08:47:43.858|INF|Web-<Main>$(#224)| StaticRequest END: 200 /Main/56
2026-03-10 09:06:38.298|INF|Web-<Main>$(#222)| StaticRequest START: GET /Main/56 AuthHeaderPresent:False
2026-03-10 09:06:38.424|INF|Web-<Main>$(#224)| StaticRequest END: 200 /Main/56
2026-03-10 09:06:38.468|INF|Web-<Main>$(#222)| StaticRequest START: GET /.well-known/appspecific/com.chrome.devtools.json AuthHeaderPresent:False
2026-03-10 09:06:38.469|INF|Web-<Main>$(#224)| StaticRequest END: 404 /.well-known/appspecific/com.chrome.devtools.json
2026-03-10 09:06:38.469|WRN|Web-<Main>$(#193)| HTTPERROR: NotFound GET /.well-known/appspecific/com.chrome.devtools.json  from:::1 ["Mozilla/5.0 (Windows NT 10.0; Win64; x64) AppleWebKit/537.36 (KHTML, like Gecko) Chrome/145.0.0.0 Safari/537.36"]
2026-03-10 09:06:38.476|INF|Web-<Main>$(#222)| StaticRequest START: GET /css/bootstrap_customize.css?v=KGpvL7QlsQGUPqqd3FCgMkjIHYbwULQrfvjb5h6qRaI AuthHeaderPresent:False
2026-03-10 09:06:38.479|INF|Web-<Main>$(#224)| StaticRequest END: 200 /css/bootstrap_customize.css
2026-03-10 09:06:38.481|INF|Web-<Main>$(#222)| StaticRequest START: GET /lib/bootstrap.bundle.min.js AuthHeaderPresent:False
2026-03-10 09:06:38.482|INF|Web-<Main>$(#224)| StaticRequest END: 200 /lib/bootstrap.bundle.min.js
2026-03-10 09:06:38.483|INF|Web-<Main>$(#222)| StaticRequest START: GET /lib/bootstrap-icons/font/bootstrap-icons.css AuthHeaderPresent:False
2026-03-10 09:06:38.484|INF|Web-<Main>$(#224)| StaticRequest END: 200 /lib/bootstrap-icons/font/bootstrap-icons.css
2026-03-10 09:06:38.486|INF|Web-<Main>$(#222)| StaticRequest START: GET /lib/openlayers/ol.min.css AuthHeaderPresent:False
2026-03-10 09:06:38.486|INF|Web-<Main>$(#222)| StaticRequest START: GET /lib/bootstrap-multiselect/css/bootstrap-multiselect.min.css AuthHeaderPresent:False
2026-03-10 09:06:38.486|INF|Web-<Main>$(#222)| StaticRequest START: GET /css/site.css?v=tPKQCfoW8WfmkY-RpHRAN4MxxuKqpJFVOxyjQ6BWVrQ AuthHeaderPresent:False
2026-03-10 09:06:38.487|INF|Web-<Main>$(#224)| StaticRequest END: 200 /lib/openlayers/ol.min.css
2026-03-10 09:06:38.487|INF|Web-<Main>$(#224)| StaticRequest END: 200 /lib/bootstrap-multiselect/css/bootstrap-multiselect.min.css
2026-03-10 09:06:38.487|INF|Web-<Main>$(#224)| StaticRequest END: 200 /css/site.css
2026-03-10 09:06:38.489|INF|Web-<Main>$(#222)| StaticRequest START: GET /css/main/index.css?v=2nAz5B5LAbpqirfu1LpowUJVQG5ux_XfXcp0SioCuDI AuthHeaderPresent:False
2026-03-10 09:06:38.490|INF|Web-<Main>$(#222)| StaticRequest START: GET /js/main/index.js?v=fEBNy9KuXlDmFKqp46V1MruEBKiZGCUSBxoDztqgzeI AuthHeaderPresent:False
2026-03-10 09:06:38.490|INF|Web-<Main>$(#224)| StaticRequest END: 200 /css/main/index.css
2026-03-10 09:06:38.491|INF|Web-<Main>$(#224)| StaticRequest END: 200 /js/main/index.js
2026-03-10 09:06:38.497|INF|Web-<Main>$(#222)| StaticRequest START: GET /Logo_of_MLIT.svg AuthHeaderPresent:False
2026-03-10 09:06:38.497|INF|Web-<Main>$(#224)| StaticRequest END: 200 /Logo_of_MLIT.svg
2026-03-10 09:06:38.513|INF|Web-<Main>$(#222)| StaticRequest START: GET /lib/openlayers/dist/ol.js AuthHeaderPresent:False
2026-03-10 09:06:38.515|INF|Web-<Main>$(#222)| StaticRequest START: GET /lib/jquery/jquery.min.js AuthHeaderPresent:False
2026-03-10 09:06:38.517|INF|Web-<Main>$(#224)| StaticRequest END: 200 /lib/jquery/jquery.min.js
2026-03-10 09:06:38.517|INF|Web-<Main>$(#224)| StaticRequest END: 200 /lib/openlayers/dist/ol.js
2026-03-10 09:06:38.519|INF|Web-<Main>$(#222)| StaticRequest START: GET /lib/bootstrap-multiselect/js/bootstrap-multiselect.min.js AuthHeaderPresent:False
2026-03-10 09:06:38.519|INF|Web-<Main>$(#224)| StaticRequest END: 200 /lib/bootstrap-multiselect/js/bootstrap-multiselect.min.js
2026-03-10 09:06:38.520|INF|Web-<Main>$(#222)| StaticRequest START: GET /js/site.js?v=4sTm-IDD5KS9oFF3-l8M7gGaqqtaBZGON5OTsqAQwTU AuthHeaderPresent:False
2026-03-10 09:06:38.520|INF|Web-<Main>$(#222)| StaticRequest START: GET /js/_map.js?v=ALLANm3IcqM_HIsJo6-2w9uBxuaAnqD3xYTWEZNTgxI AuthHeaderPresent:False
2026-03-10 09:06:38.521|INF|Web-<Main>$(#224)| StaticRequest END: 200 /js/site.js
2026-03-10 09:06:38.521|INF|Web-<Main>$(#224)| StaticRequest END: 200 /js/_map.js
2026-03-10 09:06:38.534|INF|Web-<Main>$(#222)| StaticRequest START: GET /js/main/kp/kpManager.js AuthHeaderPresent:False
2026-03-10 09:06:38.534|INF|Web-<Main>$(#222)| StaticRequest START: GET /js/main/distance/Measure.js AuthHeaderPresent:False
2026-03-10 09:06:38.534|INF|Web-<Main>$(#222)| StaticRequest START: GET /js/main/tabs/Capital.js AuthHeaderPresent:False
2026-03-10 09:06:38.534|INF|Web-<Main>$(#224)| StaticRequest END: 200 /js/main/tabs/Capital.js
2026-03-10 09:06:38.534|INF|Web-<Main>$(#224)| StaticRequest END: 200 /js/main/distance/Measure.js
2026-03-10 09:06:38.535|INF|Web-<Main>$(#222)| StaticRequest START: GET /js/main/leftMenuManager.js AuthHeaderPresent:False
2026-03-10 09:06:38.535|INF|Web-<Main>$(#224)| StaticRequest END: 200 /js/main/kp/kpManager.js
2026-03-10 09:06:38.535|INF|Web-<Main>$(#222)| StaticRequest START: GET /js/main/tabs/InvestigationRequestStatus.js AuthHeaderPresent:False
2026-03-10 09:06:38.535|INF|Web-<Main>$(#224)| StaticRequest END: 200 /js/main/leftMenuManager.js
2026-03-10 09:06:38.535|INF|Web-<Main>$(#222)| StaticRequest START: GET /js/main/tabs/CreateRoute.js AuthHeaderPresent:False
2026-03-10 09:06:38.535|INF|Web-<Main>$(#224)| StaticRequest END: 200 /js/main/tabs/InvestigationRequestStatus.js
2026-03-10 09:06:38.535|INF|Web-<Main>$(#224)| StaticRequest END: 200 /js/main/tabs/CreateRoute.js
2026-03-10 09:06:38.537|INF|Web-<Main>$(#222)| StaticRequest START: GET /lib/bootstrap-icons/font/fonts/bootstrap-icons.woff2?e34853135f9e39acf64315236852cd5a AuthHeaderPresent:False
2026-03-10 09:06:38.538|INF|Web-<Main>$(#224)| StaticRequest END: 200 /lib/bootstrap-icons/font/fonts/bootstrap-icons.woff2
2026-03-10 09:06:38.573|INF|Web-<Main>$(#222)| StaticRequest START: GET /css/bootstrap_customize.css.map AuthHeaderPresent:False
2026-03-10 09:06:38.573|INF|Web-<Main>$(#222)| StaticRequest START: GET /lib/bootstrap.bundle.min.js.map AuthHeaderPresent:False
2026-03-10 09:06:38.574|INF|Web-<Main>$(#224)| StaticRequest END: 200 /css/bootstrap_customize.css.map
2026-03-10 09:06:38.574|INF|Web-<Main>$(#224)| StaticRequest END: 200 /lib/bootstrap.bundle.min.js.map
2026-03-10 09:06:38.597|INF|Web-<Main>$(#222)| StaticRequest START: GET /lib/openlayers/dist/ol.js.map AuthHeaderPresent:False
2026-03-10 09:06:38.608|INF|Web-<Main>$(#222)| StaticRequest START: GET /Main/56?Handler=Features& AuthHeaderPresent:False
2026-03-10 09:06:38.608|INF|Web-<Main>$(#222)| StaticRequest START: GET /files/earthquake/61.geojson.gz AuthHeaderPresent:False
2026-03-10 09:06:38.608|INF|Web-<Main>$(#222)| StaticRequest START: GET /Main/56?Handler=SurveyRequest&id=174 AuthHeaderPresent:False
2026-03-10 09:06:38.608|INF|Web-<Main>$(#224)| StaticRequest END: 200 /files/earthquake/61.geojson.gz
2026-03-10 09:06:38.609|INF|Web-<Main>$(#222)| StaticRequest START: GET /Main/56?Handler=SurveyRouteList AuthHeaderPresent:False
2026-03-10 09:06:38.610|INF|Web-<Main>$(#224)| StaticRequest END: 200 /Main/56
2026-03-10 09:06:38.612|INF|Web-<Main>$(#222)| StaticRequest START: GET /Main/56?Handler=InitialPlan&tempid= AuthHeaderPresent:False
2026-03-10 09:06:38.633|INF|Web-<Main>$(#224)| StaticRequest END: 200 /Main/56
2026-03-10 09:06:38.644|INF|Web-<Main>$(#222)| StaticRequest START: GET /favicon.ico AuthHeaderPresent:False
2026-03-10 09:06:38.644|INF|Web-<Main>$(#224)| StaticRequest END: 200 /favicon.ico
2026-03-10 09:06:38.649|INF|Web-<Main>$(#222)| StaticRequest START: GET /Main/56?Handler=InitialRoute&route=10102 AuthHeaderPresent:False
2026-03-10 09:06:38.656|INF|Web-<Main>$(#224)| StaticRequest END: 200 /lib/openlayers/dist/ol.js.map
2026-03-10 09:06:38.660|INF|Web-<Main>$(#224)| StaticRequest END: 200 /Main/56
2026-03-10 09:06:38.675|INF|Web-<Main>$(#224)| StaticRequest END: 200 /Main/56
2026-03-10 09:06:38.676|INF|Web-<Main>$(#224)| StaticRequest END: 200 /Main/56
2026-03-10 09:06:38.693|INF|Web-<Main>$(#222)| StaticRequest START: POST /Main/56?Handler=Plan AuthHeaderPresent:False
2026-03-10 09:06:38.695|INF|Web-<Main>$(#224)| StaticRequest END: 400 /Main/56
2026-03-10 09:06:38.695|WRN|Web-<Main>$(#193)| HTTPERROR: BadRequest POST /Main/56?Handler=Plan  from:::1 ["Mozilla/5.0 (Windows NT 10.0; Win64; x64) AppleWebKit/537.36 (KHTML, like Gecko) Chrome/145.0.0.0 Safari/537.36"]
2026-03-10 09:06:40.295|INF|Web-<Main>$(#222)| StaticRequest START: GET /Main/56 AuthHeaderPresent:False
2026-03-10 09:06:40.331|INF|Web-<Main>$(#224)| StaticRequest END: 200 /Main/56
2026-03-10 09:06:40.370|INF|Web-<Main>$(#222)| StaticRequest START: GET /css/bootstrap_customize.css?v=KGpvL7QlsQGUPqqd3FCgMkjIHYbwULQrfvjb5h6qRaI AuthHeaderPresent:False
2026-03-10 09:06:40.371|INF|Web-<Main>$(#222)| StaticRequest START: GET /lib/bootstrap.bundle.min.js AuthHeaderPresent:False
2026-03-10 09:06:40.372|INF|Web-<Main>$(#224)| StaticRequest END: 200 /lib/bootstrap.bundle.min.js
2026-03-10 09:06:40.372|INF|Web-<Main>$(#224)| StaticRequest END: 200 /css/bootstrap_customize.css
2026-03-10 09:06:40.372|INF|Web-<Main>$(#222)| StaticRequest START: GET /lib/bootstrap-icons/font/bootstrap-icons.css AuthHeaderPresent:False
2026-03-10 09:06:40.372|INF|Web-<Main>$(#222)| StaticRequest START: GET /lib/openlayers/ol.min.css AuthHeaderPresent:False
2026-03-10 09:06:40.372|INF|Web-<Main>$(#224)| StaticRequest END: 200 /lib/bootstrap-icons/font/bootstrap-icons.css
2026-03-10 09:06:40.373|INF|Web-<Main>$(#224)| StaticRequest END: 200 /lib/openlayers/ol.min.css
2026-03-10 09:06:40.373|INF|Web-<Main>$(#222)| StaticRequest START: GET /lib/bootstrap-multiselect/css/bootstrap-multiselect.min.css AuthHeaderPresent:False
2026-03-10 09:06:40.373|INF|Web-<Main>$(#224)| StaticRequest END: 200 /lib/bootstrap-multiselect/css/bootstrap-multiselect.min.css
2026-03-10 09:06:40.373|INF|Web-<Main>$(#222)| StaticRequest START: GET /css/site.css?v=tPKQCfoW8WfmkY-RpHRAN4MxxuKqpJFVOxyjQ6BWVrQ AuthHeaderPresent:False
2026-03-10 09:06:40.373|INF|Web-<Main>$(#224)| StaticRequest END: 200 /css/site.css
2026-03-10 09:06:40.376|INF|Web-<Main>$(#222)| StaticRequest START: GET /css/main/index.css?v=2nAz5B5LAbpqirfu1LpowUJVQG5ux_XfXcp0SioCuDI AuthHeaderPresent:False
2026-03-10 09:06:40.376|INF|Web-<Main>$(#224)| StaticRequest END: 200 /css/main/index.css
2026-03-10 09:06:40.377|INF|Web-<Main>$(#222)| StaticRequest START: GET /js/main/index.js?v=fEBNy9KuXlDmFKqp46V1MruEBKiZGCUSBxoDztqgzeI AuthHeaderPresent:False
2026-03-10 09:06:40.377|INF|Web-<Main>$(#222)| StaticRequest START: GET /.well-known/appspecific/com.chrome.devtools.json AuthHeaderPresent:False
2026-03-10 09:06:40.377|INF|Web-<Main>$(#224)| StaticRequest END: 200 /js/main/index.js
2026-03-10 09:06:40.378|INF|Web-<Main>$(#224)| StaticRequest END: 404 /.well-known/appspecific/com.chrome.devtools.json
2026-03-10 09:06:40.378|WRN|Web-<Main>$(#193)| HTTPERROR: NotFound GET /.well-known/appspecific/com.chrome.devtools.json  from:::1 ["Mozilla/5.0 (Windows NT 10.0; Win64; x64) AppleWebKit/537.36 (KHTML, like Gecko) Chrome/145.0.0.0 Safari/537.36"]
2026-03-10 09:06:40.382|INF|Web-<Main>$(#222)| StaticRequest START: GET /Logo_of_MLIT.svg AuthHeaderPresent:False
2026-03-10 09:06:40.383|INF|Web-<Main>$(#224)| StaticRequest END: 200 /Logo_of_MLIT.svg
2026-03-10 09:06:40.390|INF|Web-<Main>$(#222)| StaticRequest START: GET /lib/openlayers/dist/ol.js AuthHeaderPresent:False
2026-03-10 09:06:40.393|INF|Web-<Main>$(#224)| StaticRequest END: 200 /lib/openlayers/dist/ol.js
2026-03-10 09:06:40.412|INF|Web-<Main>$(#222)| StaticRequest START: GET /lib/jquery/jquery.min.js AuthHeaderPresent:False
2026-03-10 09:06:40.413|INF|Web-<Main>$(#224)| StaticRequest END: 200 /lib/jquery/jquery.min.js
2026-03-10 09:06:40.415|INF|Web-<Main>$(#222)| StaticRequest START: GET /lib/bootstrap-multiselect/js/bootstrap-multiselect.min.js AuthHeaderPresent:False
2026-03-10 09:06:40.416|INF|Web-<Main>$(#224)| StaticRequest END: 200 /lib/bootstrap-multiselect/js/bootstrap-multiselect.min.js
2026-03-10 09:06:40.416|INF|Web-<Main>$(#222)| StaticRequest START: GET /js/site.js?v=4sTm-IDD5KS9oFF3-l8M7gGaqqtaBZGON5OTsqAQwTU AuthHeaderPresent:False
2026-03-10 09:06:40.416|INF|Web-<Main>$(#222)| StaticRequest START: GET /js/_map.js?v=ALLANm3IcqM_HIsJo6-2w9uBxuaAnqD3xYTWEZNTgxI AuthHeaderPresent:False
2026-03-10 09:06:40.416|INF|Web-<Main>$(#224)| StaticRequest END: 200 /js/site.js
2026-03-10 09:06:40.417|INF|Web-<Main>$(#224)| StaticRequest END: 200 /js/_map.js
2026-03-10 09:06:40.424|INF|Web-<Main>$(#222)| StaticRequest START: GET /lib/bootstrap-icons/font/fonts/bootstrap-icons.woff2?e34853135f9e39acf64315236852cd5a AuthHeaderPresent:False
2026-03-10 09:06:40.425|INF|Web-<Main>$(#224)| StaticRequest END: 200 /lib/bootstrap-icons/font/fonts/bootstrap-icons.woff2
2026-03-10 09:06:40.449|INF|Web-<Main>$(#222)| StaticRequest START: GET /js/main/kp/kpManager.js AuthHeaderPresent:False
2026-03-10 09:06:40.449|INF|Web-<Main>$(#222)| StaticRequest START: GET /js/main/distance/Measure.js AuthHeaderPresent:False
2026-03-10 09:06:40.449|INF|Web-<Main>$(#222)| StaticRequest START: GET /js/main/tabs/Capital.js AuthHeaderPresent:False
2026-03-10 09:06:40.449|INF|Web-<Main>$(#222)| StaticRequest START: GET /js/main/tabs/InvestigationRequestStatus.js AuthHeaderPresent:False
2026-03-10 09:06:40.449|INF|Web-<Main>$(#222)| StaticRequest START: GET /js/main/tabs/CreateRoute.js AuthHeaderPresent:False
2026-03-10 09:06:40.449|INF|Web-<Main>$(#222)| StaticRequest START: GET /js/main/leftMenuManager.js AuthHeaderPresent:False
2026-03-10 09:06:40.449|INF|Web-<Main>$(#224)| StaticRequest END: 200 /js/main/tabs/Capital.js
2026-03-10 09:06:40.449|INF|Web-<Main>$(#224)| StaticRequest END: 200 /js/main/kp/kpManager.js
2026-03-10 09:06:40.449|INF|Web-<Main>$(#224)| StaticRequest END: 200 /js/main/distance/Measure.js
2026-03-10 09:06:40.450|INF|Web-<Main>$(#224)| StaticRequest END: 200 /js/main/tabs/CreateRoute.js
2026-03-10 09:06:40.450|INF|Web-<Main>$(#224)| StaticRequest END: 200 /js/main/leftMenuManager.js
2026-03-10 09:06:40.450|INF|Web-<Main>$(#224)| StaticRequest END: 200 /js/main/tabs/InvestigationRequestStatus.js
2026-03-10 09:06:40.455|INF|Web-<Main>$(#222)| StaticRequest START: GET /css/bootstrap_customize.css.map AuthHeaderPresent:False
2026-03-10 09:06:40.456|INF|Web-<Main>$(#224)| StaticRequest END: 200 /css/bootstrap_customize.css.map
2026-03-10 09:06:40.474|INF|Web-<Main>$(#222)| StaticRequest START: GET /lib/bootstrap.bundle.min.js.map AuthHeaderPresent:False
2026-03-10 09:06:40.475|INF|Web-<Main>$(#224)| StaticRequest END: 200 /lib/bootstrap.bundle.min.js.map
2026-03-10 09:06:40.477|INF|Web-<Main>$(#222)| StaticRequest START: GET /lib/openlayers/dist/ol.js.map AuthHeaderPresent:False
2026-03-10 09:06:40.492|INF|Web-<Main>$(#224)| StaticRequest END: 200 /lib/openlayers/dist/ol.js.map
2026-03-10 09:06:40.509|INF|Web-<Main>$(#222)| StaticRequest START: GET /files/earthquake/61.geojson.gz AuthHeaderPresent:False
2026-03-10 09:06:40.510|INF|Web-<Main>$(#224)| StaticRequest END: 200 /files/earthquake/61.geojson.gz
2026-03-10 09:06:40.513|INF|Web-<Main>$(#222)| StaticRequest START: GET /Main/56?Handler=Features& AuthHeaderPresent:False
2026-03-10 09:06:40.515|INF|Web-<Main>$(#222)| StaticRequest START: GET /Main/56?Handler=SurveyRequest&id=174 AuthHeaderPresent:False
2026-03-10 09:06:40.515|INF|Web-<Main>$(#222)| StaticRequest START: GET /Main/56?Handler=SurveyRouteList AuthHeaderPresent:False
2026-03-10 09:06:40.515|INF|Web-<Main>$(#222)| StaticRequest START: GET /Main/56?Handler=InitialPlan&tempid= AuthHeaderPresent:False
2026-03-10 09:06:40.515|INF|Web-<Main>$(#224)| StaticRequest END: 200 /Main/56
2026-03-10 09:06:40.519|INF|Web-<Main>$(#224)| StaticRequest END: 200 /Main/56
2026-03-10 09:06:40.519|INF|Web-<Main>$(#224)| StaticRequest END: 200 /Main/56
2026-03-10 09:06:40.526|INF|Web-<Main>$(#224)| StaticRequest END: 200 /Main/56
2026-03-10 09:06:40.555|INF|Web-<Main>$(#222)| StaticRequest START: POST /Main/56?Handler=Plan AuthHeaderPresent:False
2026-03-10 09:06:40.556|INF|Web-<Main>$(#224)| StaticRequest END: 400 /Main/56
2026-03-10 09:06:40.556|WRN|Web-<Main>$(#193)| HTTPERROR: BadRequest POST /Main/56?Handler=Plan  from:::1 ["Mozilla/5.0 (Windows NT 10.0; Win64; x64) AppleWebKit/537.36 (KHTML, like Gecko) Chrome/145.0.0.0 Safari/537.36"]
2026-03-10 09:06:40.560|INF|Web-<Main>$(#222)| StaticRequest START: GET /Main/56?Handler=InitialRoute&route=10102 AuthHeaderPresent:False
2026-03-10 09:06:40.571|INF|Web-<Main>$(#224)| StaticRequest END: 200 /Main/56
2026-03-10 09:06:40.693|INF|Web-<Main>$(#222)| StaticRequest START: GET /favicon.ico AuthHeaderPresent:False
2026-03-10 09:06:40.694|INF|Web-<Main>$(#224)| StaticRequest END: 200 /favicon.ico
2026-03-10 09:09:14.906|INF|Web-<Main>$(#222)| StaticRequest START: GET /Main/56 AuthHeaderPresent:False
2026-03-10 09:09:14.929|INF|Web-<Main>$(#224)| StaticRequest END: 200 /Main/56
2026-03-10 09:09:14.966|INF|Web-<Main>$(#222)| StaticRequest START: GET /css/bootstrap_customize.css?v=KGpvL7QlsQGUPqqd3FCgMkjIHYbwULQrfvjb5h6qRaI AuthHeaderPresent:False
2026-03-10 09:09:14.967|INF|Web-<Main>$(#224)| StaticRequest END: 200 /css/bootstrap_customize.css
2026-03-10 09:09:14.969|INF|Web-<Main>$(#222)| StaticRequest START: GET /lib/bootstrap.bundle.min.js AuthHeaderPresent:False
2026-03-10 09:09:14.970|INF|Web-<Main>$(#224)| StaticRequest END: 200 /lib/bootstrap.bundle.min.js
2026-03-10 09:09:14.970|INF|Web-<Main>$(#222)| StaticRequest START: GET /lib/bootstrap-icons/font/bootstrap-icons.css AuthHeaderPresent:False
2026-03-10 09:09:14.971|INF|Web-<Main>$(#222)| StaticRequest START: GET /lib/openlayers/ol.min.css AuthHeaderPresent:False
2026-03-10 09:09:14.971|INF|Web-<Main>$(#222)| StaticRequest START: GET /lib/bootstrap-multiselect/css/bootstrap-multiselect.min.css AuthHeaderPresent:False
2026-03-10 09:09:14.971|INF|Web-<Main>$(#222)| StaticRequest START: GET /css/site.css?v=tPKQCfoW8WfmkY-RpHRAN4MxxuKqpJFVOxyjQ6BWVrQ AuthHeaderPresent:False
2026-03-10 09:09:14.971|INF|Web-<Main>$(#224)| StaticRequest END: 200 /lib/bootstrap-icons/font/bootstrap-icons.css
2026-03-10 09:09:14.971|INF|Web-<Main>$(#224)| StaticRequest END: 200 /lib/openlayers/ol.min.css
2026-03-10 09:09:14.971|INF|Web-<Main>$(#224)| StaticRequest END: 200 /lib/bootstrap-multiselect/css/bootstrap-multiselect.min.css
2026-03-10 09:09:14.971|INF|Web-<Main>$(#224)| StaticRequest END: 200 /css/site.css
2026-03-10 09:09:14.972|INF|Web-<Main>$(#222)| StaticRequest START: GET /css/main/index.css?v=2nAz5B5LAbpqirfu1LpowUJVQG5ux_XfXcp0SioCuDI AuthHeaderPresent:False
2026-03-10 09:09:14.972|INF|Web-<Main>$(#224)| StaticRequest END: 200 /css/main/index.css
2026-03-10 09:09:14.975|INF|Web-<Main>$(#222)| StaticRequest START: GET /js/main/index.js?v=fEBNy9KuXlDmFKqp46V1MruEBKiZGCUSBxoDztqgzeI AuthHeaderPresent:False
2026-03-10 09:09:14.975|INF|Web-<Main>$(#222)| StaticRequest START: GET /.well-known/appspecific/com.chrome.devtools.json AuthHeaderPresent:False
2026-03-10 09:09:14.975|INF|Web-<Main>$(#224)| StaticRequest END: 200 /js/main/index.js
2026-03-10 09:09:14.975|INF|Web-<Main>$(#224)| StaticRequest END: 404 /.well-known/appspecific/com.chrome.devtools.json
2026-03-10 09:09:14.975|WRN|Web-<Main>$(#193)| HTTPERROR: NotFound GET /.well-known/appspecific/com.chrome.devtools.json  from:::1 ["Mozilla/5.0 (Windows NT 10.0; Win64; x64) AppleWebKit/537.36 (KHTML, like Gecko) Chrome/145.0.0.0 Safari/537.36"]
2026-03-10 09:09:14.978|INF|Web-<Main>$(#222)| StaticRequest START: GET /Logo_of_MLIT.svg AuthHeaderPresent:False
2026-03-10 09:09:14.978|INF|Web-<Main>$(#224)| StaticRequest END: 200 /Logo_of_MLIT.svg
2026-03-10 09:09:14.996|INF|Web-<Main>$(#222)| StaticRequest START: GET /lib/openlayers/dist/ol.js AuthHeaderPresent:False
2026-03-10 09:09:14.996|INF|Web-<Main>$(#222)| StaticRequest START: GET /lib/jquery/jquery.min.js AuthHeaderPresent:False
2026-03-10 09:09:14.996|INF|Web-<Main>$(#224)| StaticRequest END: 200 /lib/jquery/jquery.min.js
2026-03-10 09:09:15.000|INF|Web-<Main>$(#222)| StaticRequest START: GET /lib/bootstrap-multiselect/js/bootstrap-multiselect.min.js AuthHeaderPresent:False
2026-03-10 09:09:15.000|INF|Web-<Main>$(#222)| StaticRequest START: GET /js/site.js?v=4sTm-IDD5KS9oFF3-l8M7gGaqqtaBZGON5OTsqAQwTU AuthHeaderPresent:False
2026-03-10 09:09:15.000|INF|Web-<Main>$(#222)| StaticRequest START: GET /js/_map.js?v=ALLANm3IcqM_HIsJo6-2w9uBxuaAnqD3xYTWEZNTgxI AuthHeaderPresent:False
2026-03-10 09:09:15.000|INF|Web-<Main>$(#224)| StaticRequest END: 200 /lib/bootstrap-multiselect/js/bootstrap-multiselect.min.js
2026-03-10 09:09:15.001|INF|Web-<Main>$(#224)| StaticRequest END: 200 /js/site.js
2026-03-10 09:09:15.001|INF|Web-<Main>$(#224)| StaticRequest END: 200 /js/_map.js
2026-03-10 09:09:15.001|INF|Web-<Main>$(#224)| StaticRequest END: 200 /lib/openlayers/dist/ol.js
2026-03-10 09:09:15.007|INF|Web-<Main>$(#222)| StaticRequest START: GET /js/main/distance/Measure.js AuthHeaderPresent:False
2026-03-10 09:09:15.007|INF|Web-<Main>$(#222)| StaticRequest START: GET /js/main/kp/kpManager.js AuthHeaderPresent:False
2026-03-10 09:09:15.007|INF|Web-<Main>$(#222)| StaticRequest START: GET /js/main/tabs/Capital.js AuthHeaderPresent:False
2026-03-10 09:09:15.007|INF|Web-<Main>$(#222)| StaticRequest START: GET /js/main/leftMenuManager.js AuthHeaderPresent:False
2026-03-10 09:09:15.007|INF|Web-<Main>$(#222)| StaticRequest START: GET /js/main/tabs/InvestigationRequestStatus.js AuthHeaderPresent:False
2026-03-10 09:09:15.008|INF|Web-<Main>$(#224)| StaticRequest END: 200 /js/main/tabs/Capital.js
2026-03-10 09:09:15.008|INF|Web-<Main>$(#222)| StaticRequest START: GET /js/main/tabs/CreateRoute.js AuthHeaderPresent:False
2026-03-10 09:09:15.008|INF|Web-<Main>$(#224)| StaticRequest END: 200 /js/main/distance/Measure.js
2026-03-10 09:09:15.008|INF|Web-<Main>$(#224)| StaticRequest END: 200 /js/main/leftMenuManager.js
2026-03-10 09:09:15.008|INF|Web-<Main>$(#224)| StaticRequest END: 200 /js/main/tabs/InvestigationRequestStatus.js
2026-03-10 09:09:15.008|INF|Web-<Main>$(#224)| StaticRequest END: 200 /js/main/kp/kpManager.js
2026-03-10 09:09:15.018|INF|Web-<Main>$(#222)| StaticRequest START: GET /lib/bootstrap-icons/font/fonts/bootstrap-icons.woff2?e34853135f9e39acf64315236852cd5a AuthHeaderPresent:False
2026-03-10 09:09:15.018|INF|Web-<Main>$(#224)| StaticRequest END: 200 /lib/bootstrap-icons/font/fonts/bootstrap-icons.woff2
2026-03-10 09:09:15.022|INF|Web-<Main>$(#222)| StaticRequest START: GET /lib/bootstrap.bundle.min.js.map AuthHeaderPresent:False
2026-03-10 09:09:15.023|INF|Web-<Main>$(#224)| StaticRequest END: 200 /lib/bootstrap.bundle.min.js.map
2026-03-10 09:09:15.036|INF|Web-<Main>$(#224)| StaticRequest END: 200 /js/main/tabs/CreateRoute.js
2026-03-10 09:09:15.044|INF|Web-<Main>$(#222)| StaticRequest START: GET /css/bootstrap_customize.css.map AuthHeaderPresent:False
2026-03-10 09:09:15.045|INF|Web-<Main>$(#224)| StaticRequest END: 200 /css/bootstrap_customize.css.map
2026-03-10 09:09:15.066|INF|Web-<Main>$(#222)| StaticRequest START: GET /lib/openlayers/dist/ol.js.map AuthHeaderPresent:False
2026-03-10 09:09:15.095|INF|Web-<Main>$(#224)| StaticRequest END: 200 /lib/openlayers/dist/ol.js.map
2026-03-10 09:09:15.099|INF|Web-<Main>$(#222)| StaticRequest START: GET /files/earthquake/61.geojson.gz AuthHeaderPresent:False
2026-03-10 09:09:15.099|INF|Web-<Main>$(#222)| StaticRequest START: GET /Main/56?Handler=Features& AuthHeaderPresent:False
2026-03-10 09:09:15.099|INF|Web-<Main>$(#222)| StaticRequest START: GET /Main/56?Handler=SurveyRequest&id=174 AuthHeaderPresent:False
2026-03-10 09:09:15.099|INF|Web-<Main>$(#222)| StaticRequest START: GET /Main/56?Handler=SurveyRouteList AuthHeaderPresent:False
2026-03-10 09:09:15.100|INF|Web-<Main>$(#224)| StaticRequest END: 200 /files/earthquake/61.geojson.gz
2026-03-10 09:09:15.100|INF|Web-<Main>$(#222)| StaticRequest START: GET /Main/56?Handler=InitialPlan&tempid= AuthHeaderPresent:False
2026-03-10 09:09:15.100|INF|Web-<Main>$(#224)| StaticRequest END: 200 /Main/56
2026-03-10 09:09:15.103|INF|Web-<Main>$(#224)| StaticRequest END: 200 /Main/56
2026-03-10 09:09:15.104|INF|Web-<Main>$(#224)| StaticRequest END: 200 /Main/56
2026-03-10 09:09:15.109|INF|Web-<Main>$(#224)| StaticRequest END: 200 /Main/56
2026-03-10 09:09:15.155|INF|Web-<Main>$(#222)| StaticRequest START: GET /favicon.ico AuthHeaderPresent:False
2026-03-10 09:09:15.155|INF|Web-<Main>$(#224)| StaticRequest END: 200 /favicon.ico
2026-03-10 09:09:15.155|INF|Web-<Main>$(#222)| StaticRequest START: GET /Main/56?Handler=InitialRoute&route=10102 AuthHeaderPresent:False
2026-03-10 09:09:15.162|INF|Web-<Main>$(#224)| StaticRequest END: 200 /Main/56
2026-03-10 09:09:39.970|INF|Web-<Main>$(#222)| StaticRequest START: POST /Main/56?Handler=Plan AuthHeaderPresent:False
2026-03-10 09:09:39.971|INF|Web-<Main>$(#224)| StaticRequest END: 400 /Main/56
2026-03-10 09:09:39.971|WRN|Web-<Main>$(#193)| HTTPERROR: BadRequest POST /Main/56?Handler=Plan  from:::1 ["Mozilla/5.0 (Windows NT 10.0; Win64; x64) AppleWebKit/537.36 (KHTML, like Gecko) Chrome/145.0.0.0 Safari/537.36"]
2026-03-10 20:09:14.515|INF|Microsoft.Hosting.Lifetime| Application is shutting down...
2026-03-10 20:09:14.516|INF|Web-<Main>$(#165)| App Stopping. (Version=0.2.2025.1020)
